time,ax,ay,az,atotal
0.010046958923339844,-0.06,0.0,-0.11,0.12
0.01129603385925293,-0.04,0.0,-0.06,0.07
0.022375822067260742,0.02,-0.02,0.06,0.06
0.031209945678710938,-0.05,0.0,-0.09,0.1
0.09380888938903809,0.0,-0.02,-0.01,0.02
0.09424996376037598,-0.02,-0.02,-0.03,0.04
0.09471297264099121,-0.03,0.0,-0.04,0.05
0.09517097473144531,-0.02,-0.01,-0.01,0.02
0.09554314613342285,-0.02,-0.01,-0.05,0.05
0.09598708152770996,-0.01,-0.02,-0.02,0.03
0.10080313682556152,-0.01,-0.02,-0.03,0.03
0.11080193519592285,0.0,-0.01,-0.03,0.03
0.12187981605529785,-0.02,-0.02,-0.02,0.03
0.13069605827331543,-0.02,-0.01,-0.03,0.03
0.19346404075622559,-0.01,-0.01,-0.02,0.02
0.19394707679748535,0.0,-0.02,-0.04,0.04
0.19432282447814941,0.0,-0.02,-0.03,0.03
0.19478702545166016,-0.02,-0.01,-0.04,0.04
0.19515013694763184,-0.01,-0.01,-0.04,0.04
0.19559216499328613,-0.02,-0.02,-0.03,0.04
0.2003769874572754,-0.02,-0.02,-0.03,0.04
0.21043086051940918,-0.02,-0.01,-0.02,0.03
0.2214059829711914,-0.02,-0.01,-0.03,0.03
0.23036789894104004,-0.01,-0.02,-0.03,0.03
0.29281115531921387,-0.01,0.0,-0.03,0.03
0.2931840419769287,-0.02,0.0,-0.03,0.03
0.29358983039855957,-0.01,-0.01,-0.03,0.03
0.2939929962158203,-0.02,-0.01,-0.02,0.03
0.2943999767303467,-0.01,-0.01,-0.04,0.04
0.2947709560394287,-0.01,0.0,-0.04,0.04
0.30057215690612793,-0.02,-0.01,-0.03,0.03
0.3101320266723633,-0.01,-0.01,-0.02,0.02
0.32105183601379395,-0.02,-0.01,-0.03,0.03
0.3298659324645996,-0.02,0.0,-0.03,0.03
0.39319491386413574,-0.03,0.0,-0.03,0.04
0.3936588764190674,-0.02,-0.01,-0.03,0.03
0.394089937210083,-0.01,0.0,-0.03,0.03
0.3945028781890869,-0.02,0.0,-0.04,0.04
0.3948948383331299,-0.01,-0.01,-0.04,0.04
0.3952980041503906,-0.02,-0.01,-0.03,0.03
0.39962100982666016,-0.01,-0.02,-0.03,0.03
0.40956616401672363,-0.02,-0.01,-0.03,0.03
0.41969895362854004,-0.02,-0.02,-0.04,0.04
0.4294619560241699,-0.02,-0.01,-0.04,0.04
0.49318814277648926,-0.01,-0.01,-0.02,0.02
0.4936800003051758,-0.02,0.0,-0.03,0.03
0.49410295486450195,-0.01,-0.01,-0.03,0.03
0.49448394775390625,-0.01,-0.01,-0.04,0.04
0.49498796463012695,-0.02,0.0,-0.03,0.03
0.49543309211730957,-0.01,-0.01,-0.04,0.04
0.4992091655731201,-0.03,-0.01,-0.03,0.04
0.5091869831085205,-0.02,-0.01,-0.03,0.03
0.5192539691925049,0.0,-0.01,-0.03,0.03
0.5292110443115234,-0.01,0.0,-0.04,0.04
0.5930888652801514,-0.03,-0.01,-0.02,0.03
0.5935249328613281,-0.02,-0.01,-0.01,0.02
0.5939390659332275,-0.02,-0.02,-0.02,0.03
0.5943748950958252,-0.01,-0.01,-0.03,0.03
0.5947859287261963,0.01,-0.01,-0.02,0.02
0.5952560901641846,0.0,-0.03,-0.01,0.03
0.598858118057251,0.08,-0.05,-0.04,0.1
0.6088321208953857,0.24,-0.08,-0.01,0.25
0.6188900470733643,0.26,-0.1,0.0,0.27
0.6286990642547607,0.16,-0.15,-0.03,0.22
0.6937310695648193,0.05,-0.13,-0.03,0.14
0.6942389011383057,-0.03,-0.11,-0.01,0.11
0.694713830947876,-0.17,-0.02,-0.06,0.18
0.695206880569458,-0.11,0.02,-0.05,0.12
0.695659875869751,-0.08,0.11,-0.01,0.13
0.6961138248443604,-0.13,0.14,-0.03,0.19
0.6984608173370361,-0.18,0.05,-0.02,0.18
0.7083618640899658,-0.25,0.04,-0.02,0.25
0.7184951305389404,-0.17,0.1,-0.06,0.2
0.7282698154449463,-0.12,0.08,-0.06,0.15
0.7934701442718506,-0.14,-0.01,-0.01,0.14
0.7939331531524658,-0.07,-0.01,0.05,0.08
0.7943940162658691,0.12,-0.03,-0.05,0.13
0.7948510646820068,0.16,0.0,-0.04,0.16
0.7952611446380615,0.06,0.0,0.02,0.06
0.795706033706665,-0.01,-0.01,-0.02,0.02
0.7980430126190186,-0.04,-0.02,-0.06,0.07
0.807919979095459,0.0,-0.02,0.0,0.02
0.8178808689117432,0.0,0.0,0.03,0.03
0.8287830352783203,-0.06,0.01,-0.03,0.06
0.8934240341186523,-0.15,0.07,-0.03,0.16
0.8939390182495117,-0.11,0.11,0.02,0.15
0.8943989276885986,-0.17,0.07,-0.14,0.23
0.8948690891265869,-0.08,-0.03,-0.02,0.08
0.895313024520874,-0.01,-0.11,-0.05,0.12
0.8957569599151611,-0.1,-0.06,-0.06,0.13
0.897676944732666,-0.07,-0.07,0.03,0.1
0.9075379371643066,-0.02,-0.09,0.0,0.09
0.917517900466919,-0.14,-0.04,-0.05,0.15
0.9284319877624512,-0.15,-0.05,0.0,0.15
0.9930851459503174,0.01,-0.07,-0.01,0.07
0.9935848712921143,0.17,-0.04,-0.06,0.18
0.9940531253814697,0.24,-0.02,-0.08,0.25
0.994499921798706,0.1,-0.01,0.02,0.1
0.9949460029602051,-0.05,-0.01,-0.07,0.08
0.9953889846801758,-0.13,0.04,-0.08,0.15
0.9972031116485596,-0.06,-0.01,0.11,0.12
1.007185935974121,-0.1,-0.02,-0.11,0.15
1.0175011157989502,0.08,0.01,0.1,0.12
1.0280568599700928,0.01,-0.08,-0.05,0.09
1.0940289497375488,0.2,0.01,-0.12,0.23
1.0945098400115967,0.16,0.06,-0.02,0.17
1.0949418544769287,-0.02,-0.01,-0.02,0.03
1.095391035079956,-0.11,0.01,-0.06,0.12
1.095855951309204,-0.02,0.02,0.04,0.04
1.0963218212127686,0.05,-0.01,-0.03,0.05
1.096721887588501,-0.02,-0.01,-0.05,0.05
1.1066820621490479,0.02,-0.04,-0.03,0.05
1.1166660785675049,0.11,-0.04,-0.09,0.14
1.127722978591919,-0.05,-0.02,-0.06,0.08
1.1935009956359863,-0.1,-0.02,-0.13,0.16
1.193985939025879,0.01,-0.03,-0.02,0.03
1.1944479942321777,-0.07,0.0,0.02,0.07
1.194901943206787,-0.1,0.06,0.04,0.12
1.1953518390655518,-0.02,-0.04,0.02,0.04
1.1958229541778564,0.0,-0.02,0.0,0.02
1.196498155593872,0.03,-0.03,-0.1,0.1
1.2063181400299072,0.05,-0.07,-0.01,0.08
1.2162930965423584,-0.03,-0.05,-0.02,0.06
1.2262530326843262,-0.12,0.0,-0.04,0.12
1.2945401668548584,-0.09,0.04,0.04,0.1
1.2950689792633057,0.09,0.03,0.16,0.18
1.295543909072876,0.3,0.02,0.15,0.33
1.2960178852081299,0.45,0.04,-0.04,0.45
1.2964661121368408,0.28,0.11,-0.08,0.31
1.2969110012054443,0.14,0.03,0.08,0.16
1.2973220348358154,0.18,-0.26,0.08,0.32
1.305906057357788,0.16,-0.27,0.07,0.32
1.3158299922943115,0.17,-0.16,0.07,0.24
1.3258140087127686,-0.01,-0.09,0.05,0.1
1.3941810131072998,0.04,-0.09,0.03,0.1
1.3946669101715088,-0.06,-0.17,-0.25,0.3
1.3951289653778076,-0.47,0.07,-0.16,0.5
1.3955838680267334,-0.74,0.36,0.23,0.85
1.3960340023040771,-0.76,0.39,0.45,0.96
1.3964850902557373,-0.62,0.23,0.63,0.91
1.3969428539276123,-0.38,-0.05,0.46,0.59
1.4055290222167969,-0.11,-0.21,0.09,0.25
1.4154088497161865,0.01,-0.39,-0.33,0.51
1.425400972366333,-0.03,-0.47,-0.58,0.74
1.4949419498443604,-0.27,-0.41,-0.49,0.69
1.4954209327697754,-0.47,-0.28,-0.12,0.56
1.4958879947662354,-0.53,-0.01,0.22,0.57
1.4963369369506836,-0.47,0.27,0.42,0.68
1.4967889785766602,-0.19,0.26,0.38,0.49
1.4972560405731201,0.09,0.19,0.19,0.28
1.4976990222930908,0.36,0.15,-0.05,0.39
1.5051000118255615,0.45,0.12,-0.13,0.48
1.514976978302002,0.31,0.12,0.09,0.34
1.5249910354614258,0.33,0.05,0.37,0.49
1.5950210094451904,0.36,-0.06,0.42,0.55
1.5955078601837158,0.4,-0.07,0.27,0.48
1.5959739685058594,0.53,-0.02,-0.12,0.54
1.5964360237121582,0.62,-0.08,-0.34,0.71
1.5969209671020508,0.35,-0.11,-0.1,0.38
1.5973761081695557,-0.06,-0.05,0.46,0.46
1.5978400707244873,-0.29,-0.04,0.89,0.93
1.604740858078003,-0.31,-0.14,0.93,0.99
1.6146519184112549,-0.26,-0.29,0.79,0.88
1.6245989799499512,-0.15,-0.51,0.49,0.72
1.6357710361480713,-0.07,-0.65,-0.09,0.65
1.6444950103759766,0.09,-0.51,-0.8,0.95
1.7118890285491943,0.08,-0.17,-1.31,1.32
1.7123758792877197,0.03,0.05,-1.16,1.16
1.7128369808197021,-0.09,0.2,-0.47,0.51
1.7132599353790283,-0.37,0.2,0.25,0.48
1.7137091159820557,-0.68,0.23,0.68,0.98
1.7141599655151367,-0.84,0.13,0.66,1.07
1.7146029472351074,-0.81,-0.09,0.45,0.93
1.7241899967193604,-0.69,-0.28,-0.03,0.74
1.796968936920166,-0.42,-0.48,-0.55,0.84
1.7974450588226318,-0.18,-0.54,-0.82,0.99
1.7979018688201904,-0.06,-0.36,-0.72,0.8
1.7983601093292236,0.1,-0.15,-0.35,0.39
1.7988150119781494,0.27,0.07,0.08,0.29
1.7992589473724365,0.4,0.31,0.39,0.63
1.7996981143951416,0.7,0.45,0.5,0.97
1.8038499355316162,0.82,0.41,0.44,1.01
1.813797950744629,0.73,0.25,0.27,0.81
1.8237099647521973,0.61,0.18,-0.06,0.63
1.896712064743042,0.4,0.05,-0.27,0.48
1.8972229957580566,0.12,0.04,-0.35,0.37
1.8976860046386719,-0.1,0.11,-0.28,0.31
1.8981411457061768,-0.27,0.03,-0.07,0.28
1.898550033569336,-0.29,0.04,-0.07,0.3
1.8989570140838623,-0.08,0.04,-0.17,0.19
1.899420976638794,0.05,0.09,-0.28,0.29
1.9033491611480713,0.08,0.13,-0.31,0.34
1.9132578372955322,0.08,0.18,-0.18,0.26
1.9233109951019287,0.01,0.22,0.0,0.22
1.9955761432647705,0.0,0.22,0.19,0.29
1.9960570335388184,0.16,0.08,0.28,0.33
1.9965031147003174,0.23,-0.05,0.24,0.33
1.9969699382781982,0.14,-0.03,0.05,0.15
1.9974219799041748,0.11,0.03,-0.15,0.18
1.9978821277618408,-0.06,0.0,-0.2,0.2
1.9983339309692383,-0.33,-0.01,-0.12,0.35
2.0030159950256348,-0.32,0.16,-0.04,0.36
2.0129759311676025,-0.2,0.4,0.12,0.46
2.022891044616699,-0.13,0.54,0.3,0.63
2.032839059829712,-0.01,0.5,0.35,0.61
2.0427911281585693,0.07,0.31,0.27,0.41
2.1135971546173096,0.06,0.08,0.09,0.13
2.1140859127044678,-0.06,-0.08,-0.08,0.12
2.1145479679107666,-0.19,-0.17,-0.22,0.33
2.115007162094116,-0.34,-0.23,-0.19,0.45
2.1154539585113525,-0.47,-0.19,-0.06,0.51
2.1158909797668457,-0.4,-0.11,-0.06,0.41
2.116338014602661,-0.29,-0.07,-0.03,0.29
2.122411012649536,-0.17,-0.11,0.0,0.2
2.1323859691619873,-0.03,-0.13,-0.02,0.13
2.142340898513794,0.04,-0.06,0.02,0.07
2.2130279541015625,0.06,-0.01,0.15,0.16
2.213510036468506,0.03,0.04,0.22,0.22
2.2139639854431152,0.04,0.11,0.28,0.3
2.214373826980591,0.14,0.16,0.28,0.35
2.214777946472168,0.18,0.08,0.28,0.34
2.2151849269866943,-0.02,-0.04,0.28,0.28
2.2156310081481934,-0.23,-0.25,0.21,0.39
2.2220699787139893,-0.37,-0.39,0.0,0.53
2.2320358753204346,-0.46,-0.31,-0.19,0.58
2.241882085800171,-0.43,-0.21,-0.19,0.51
2.3127880096435547,-0.39,-0.1,0.06,0.4
2.313279867172241,-0.23,-0.04,0.2,0.3
2.3137271404266357,0.02,-0.03,0.3,0.3
2.3141958713531494,0.29,-0.04,0.28,0.4
2.3146440982818604,0.45,-0.06,0.24,0.51
2.315100908279419,0.43,-0.18,0.18,0.49
2.3155460357666016,0.34,-0.3,-0.02,0.45
2.321575880050659,0.12,-0.31,-0.25,0.41
2.3315441608428955,-0.2,-0.34,-0.25,0.46
2.3415520191192627,-0.29,-0.35,-0.17,0.48
2.4120559692382812,-0.15,-0.2,-0.09,0.26
2.4125568866729736,-0.05,-0.05,0.02,0.07
2.4130208492279053,-0.02,0.07,0.13,0.14
2.4134769439697266,0.07,0.14,0.15,0.21
2.413952112197876,0.16,0.13,0.16,0.26
2.4143989086151123,0.26,0.18,0.2,0.37
2.4148519039154053,0.23,0.22,0.23,0.39
2.4213058948516846,0.19,0.27,0.28,0.43
2.4311258792877197,0.23,0.3,0.22,0.43
2.4419870376586914,0.28,0.22,0.02,0.35
2.5121400356292725,0.26,0.02,-0.19,0.32
2.5126190185546875,0.19,-0.14,-0.28,0.36
2.5130560398101807,0.12,-0.14,-0.22,0.28
2.513463020324707,0.05,-0.14,-0.09,0.17
2.5138981342315674,0.04,-0.14,-0.01,0.14
2.514354944229126,0.13,-0.1,-0.07,0.17
2.51476788520813,0.17,-0.1,-0.12,0.23
2.5207479000091553,0.28,0.0,-0.13,0.3
2.5306971073150635,0.39,0.19,-0.1,0.44
2.5415780544281006,0.38,0.36,0.0,0.52
2.5507099628448486,0.21,0.45,0.05,0.49
2.611366033554077,0.04,0.43,0.04,0.43
2.6119091510772705,-0.09,0.23,-0.05,0.25
2.6123239994049072,-0.09,0.11,-0.19,0.23
2.612802028656006,-0.01,-0.02,-0.26,0.26
2.613262891769409,0.01,-0.18,-0.21,0.27
2.6137101650238037,-0.03,-0.27,-0.12,0.29
2.6203200817108154,0.03,-0.26,-0.06,0.26
2.630336046218872,0.09,-0.17,-0.02,0.19
2.641165018081665,0.2,-0.09,0.01,0.21
2.6502950191497803,0.32,-0.06,0.05,0.32
2.7112879753112793,0.33,-0.06,0.15,0.36
2.7117698192596436,0.26,0.03,0.18,0.31
2.7122280597686768,0.21,0.11,0.2,0.31
2.7126739025115967,0.13,0.14,0.16,0.24
2.7131340503692627,0.01,0.19,0.2,0.27
2.7135798931121826,-0.05,0.13,0.11,0.17
2.7199461460113525,-0.17,0.03,-0.09,0.19
2.730013132095337,-0.23,-0.02,-0.17,0.28
2.740806818008423,-0.35,-0.07,-0.12,0.37
2.7497599124908447,-0.42,-0.1,0.09,0.44
2.8109958171844482,-0.42,-0.07,0.19,0.46
2.8114819526672363,-0.32,-0.11,0.13,0.36
2.811950922012329,-0.09,-0.15,0.0,0.17
2.8124020099639893,0.22,-0.11,-0.07,0.25
2.812831163406372,0.37,-0.01,-0.07,0.37
2.813288927078247,0.33,0.06,0.02,0.33
2.819481134414673,0.2,-0.01,0.06,0.2
2.8295810222625732,-0.05,-0.18,0.05,0.19
2.8395040035247803,-0.31,-0.41,-0.08,0.52
2.8493969440460205,-0.52,-0.4,-0.15,0.67
2.910629987716675,-0.4,-0.15,-0.08,0.43
2.911133050918579,-0.2,0.08,0.03,0.21
2.911597967147827,-0.09,0.16,0.2,0.27
2.91205096244812,-0.02,0.14,0.33,0.35
2.9125020503997803,0.03,0.05,0.3,0.3
2.912961006164551,-0.03,-0.04,0.12,0.13
2.9189488887786865,-0.13,-0.11,-0.09,0.19
2.92916202545166,-0.17,-0.09,-0.17,0.25
2.9391539096832275,-0.06,-0.05,-0.16,0.17
2.949075937271118,0.03,0.01,0.03,0.04
3.009716033935547,0.03,0.04,0.22,0.22
3.01020884513855,0.08,0.0,0.19,0.2
3.010673999786377,0.18,-0.05,-0.02,0.18
3.0111310482025146,0.06,-0.14,-0.21,0.25
3.0115740299224854,-0.08,-0.12,-0.15,0.2
3.012026071548462,-0.03,0.09,0.09,0.13
3.018563985824585,0.02,0.18,0.27,0.32
3.028695821762085,0.09,0.16,0.27,0.32
3.038564920425415,0.17,0.07,0.14,0.23
3.0485551357269287,0.12,-0.08,-0.07,0.16
3.111356019973755,-0.04,-0.12,-0.15,0.19
3.111847162246704,-0.18,-0.07,-0.13,0.23
3.112308979034424,-0.29,0.03,0.05,0.29
3.1127631664276123,-0.23,0.17,0.12,0.31
3.1132161617279053,-0.11,0.21,0.08,0.25
3.1136600971221924,-0.03,0.18,0.03,0.18
3.118530035018921,-0.08,0.14,-0.01,0.16
3.1282970905303955,-0.16,0.08,0.01,0.17
3.1381990909576416,-0.27,0.05,-0.04,0.27
3.1481831073760986,-0.36,0.06,-0.09,0.37
3.2103731632232666,-0.34,0.03,-0.1,0.35
3.210886001586914,-0.19,-0.1,-0.15,0.26
3.2113559246063232,0.02,-0.22,-0.17,0.27
3.2118189334869385,0.09,-0.11,-0.06,0.15
3.212293863296509,0.0,-0.03,0.08,0.08
3.2127439975738525,0.03,0.0,0.25,0.25
3.2177908420562744,0.1,0.05,0.14,0.17
3.2279279232025146,0.06,-0.02,-0.05,0.08
3.2378599643707275,0.0,-0.15,-0.19,0.24
3.248579978942871,-0.1,-0.22,-0.24,0.34
3.310091018676758,-0.25,-0.16,-0.18,0.34
3.3105318546295166,-0.24,-0.16,-0.13,0.31
3.310979127883911,-0.14,-0.23,-0.13,0.29
3.3114278316497803,-0.01,-0.16,-0.11,0.19
3.3118889331817627,0.14,0.02,-0.06,0.15
3.312290906906128,0.14,0.08,0.06,0.17
3.3173978328704834,0.12,0.27,0.24,0.38
3.327497959136963,0.16,0.46,0.43,0.64
3.3373210430145264,0.31,0.43,0.55,0.76
3.348235845565796,0.35,0.15,0.53,0.65
3.4098870754241943,0.23,-0.03,0.38,0.44
3.4103870391845703,0.08,-0.07,0.15,0.18
3.4108541011810303,-0.08,-0.12,-0.13,0.19
3.4113070964813232,-0.3,-0.18,-0.3,0.46
3.4117579460144043,-0.54,-0.23,-0.22,0.62
3.4121921062469482,-0.56,-0.28,-0.05,0.62
3.416961908340454,-0.33,-0.34,0.05,0.47
3.4270169734954834,-0.14,-0.35,0.15,0.4
3.436931848526001,0.08,-0.24,0.18,0.31
3.447917938232422,0.28,-0.08,0.15,0.32
3.510215997695923,0.37,0.08,0.17,0.41
3.51069712638855,0.41,0.14,0.27,0.51
3.5111658573150635,0.33,0.06,0.35,0.48
3.511641025543213,0.23,-0.09,0.29,0.38
3.512053966522217,0.23,-0.14,0.21,0.34
3.512504816055298,0.25,-0.16,0.14,0.32
3.516533136367798,0.22,-0.19,-0.03,0.29
3.5266168117523193,0.12,-0.2,-0.11,0.25
3.5365419387817383,0.02,-0.23,-0.14,0.27
3.5474398136138916,0.03,-0.23,-0.11,0.25
3.609809160232544,0.02,-0.16,-0.07,0.17
3.610243082046509,-0.05,-0.16,-0.06,0.17
3.6107189655303955,-0.1,-0.17,-0.14,0.24
3.6111860275268555,-0.06,-0.18,-0.25,0.31
3.611637830734253,-0.03,-0.23,-0.26,0.34
3.612096071243286,-0.07,-0.14,-0.18,0.23
3.616091012954712,-0.09,-0.12,-0.06,0.16
3.6261861324310303,-0.08,-0.14,-0.03,0.16
3.6360349655151367,-0.19,-0.06,-0.11,0.22
3.6460859775543213,-0.36,0.06,-0.18,0.4
3.710430860519409,-0.46,0.18,-0.09,0.5
3.7108118534088135,-0.46,0.18,0.09,0.5
3.7113149166107178,-0.41,0.03,0.08,0.41
3.7117719650268555,-0.28,-0.08,-0.03,0.29
3.7122738361358643,-0.05,-0.01,-0.12,0.13
3.712722063064575,0.12,0.17,-0.05,0.21
3.715812921524048,0.17,0.27,0.04,0.32
3.7258999347686768,0.16,0.25,0.09,0.31
3.7355449199676514,0.14,0.18,0.07,0.23
3.745642900466919,0.06,0.23,0.02,0.23
3.809587001800537,-0.02,0.24,0.02,0.24
3.810081958770752,-0.14,0.22,-0.09,0.27
3.810544013977051,-0.27,0.18,-0.15,0.35
3.8110320568084717,-0.36,0.15,-0.19,0.43
3.8114869594573975,-0.39,0.09,-0.13,0.42
3.8119308948516846,-0.37,0.02,-0.09,0.38
3.8152811527252197,-0.31,-0.05,-0.09,0.32
3.8254120349884033,-0.11,-0.12,-0.13,0.2
3.8355648517608643,0.08,-0.15,-0.22,0.27
3.845211982727051,0.16,-0.14,-0.25,0.32
3.9096009731292725,0.22,0.01,-0.15,0.26
3.9100959300994873,0.24,0.2,-0.02,0.31
3.9105539321899414,0.35,0.21,0.05,0.41
3.9110090732574463,0.38,0.16,0.1,0.42
3.9114720821380615,0.29,0.19,0.11,0.36
3.911916971206665,0.17,0.22,0.1,0.29
3.9148318767547607,0.1,0.11,0.05,0.15
3.9249110221862793,0.05,-0.05,-0.05,0.08
3.9348199367523193,-0.04,-0.07,-0.07,0.1
3.944866895675659,-0.08,0.03,-0.02,0.08
4.008618116378784,0.08,0.13,0.04,0.15
4.009057998657227,0.27,0.13,0.12,0.32
4.009511947631836,0.24,0.17,0.18,0.34
4.009959936141968,0.16,0.26,0.26,0.4
4.010272979736328,0.16,0.26,0.26,0.4
4.010711908340454,0.13,0.29,0.38,0.49
4.011538982391357,0.1,0.32,0.43,0.54
4.021661996841431,-0.01,0.27,0.43,0.5
4.03150200843811,-0.02,0.13,0.36,0.38
4.041601896286011,0.05,0.0,0.16,0.16
4.051481008529663,0.0,-0.05,0.0,0.05
4.108952045440674,-0.13,-0.06,-0.04,0.14
4.109449148178101,-0.22,-0.08,0.07,0.24
4.109910011291504,-0.32,-0.03,0.1,0.33
4.110324144363403,-0.34,0.04,0.1,0.35
4.110788106918335,-0.2,0.12,0.25,0.34
4.111202001571655,0.09,0.12,0.41,0.43
4.121134996414185,0.32,0.05,0.41,0.52
4.131152868270874,0.35,0.01,0.36,0.5
4.141154050827026,0.3,-0.07,0.29,0.42
4.20796799659729,0.22,-0.1,0.18,0.3
4.208452939987183,0.08,-0.08,0.1,0.15
4.208914041519165,-0.03,-0.09,0.07,0.11
4.209362983703613,-0.08,-0.1,0.08,0.15
4.209810018539429,-0.15,-0.06,0.15,0.22
4.210278034210205,-0.13,-0.07,0.22,0.26
4.210728883743286,-0.06,-0.17,0.18,0.25
4.220886945724487,0.02,-0.24,0.07,0.25
4.2307188510894775,0.04,-0.38,-0.04,0.38
4.240740060806274,-0.11,-0.61,-0.17,0.64
4.25053596496582,-0.29,-0.69,-0.2,0.77
4.310129880905151,-0.4,-0.56,-0.22,0.72
4.310657978057861,-0.54,-0.37,-0.21,0.68
4.3111231327056885,-0.61,-0.1,-0.12,0.62
4.311578989028931,-0.56,0.05,-0.01,0.56
4.312034845352173,-0.42,0.13,0.1,0.45
4.312481164932251,-0.23,0.22,0.12,0.34
4.320405960083008,-0.1,0.15,0.12,0.21
4.330525159835815,-0.03,0.0,0.02,0.03
4.340314149856567,-0.02,-0.17,-0.23,0.28
4.350294828414917,-0.11,-0.3,-0.37,0.48
4.360180139541626,-0.2,-0.33,-0.5,0.63
4.42538595199585,-0.26,-0.17,-0.41,0.51
4.425877809524536,-0.31,0.14,-0.07,0.34
4.426342010498047,-0.08,0.28,0.44,0.52
4.426792860031128,0.1,0.21,0.38,0.44
4.427248954772949,0.34,0.19,0.2,0.43
4.427653074264526,0.46,0.19,0.0,0.49
4.4327638149261475,0.34,0.17,-0.13,0.4
4.44268012046814,0.12,0.09,-0.08,0.17
4.452552080154419,0.0,-0.01,0.0,0.01
4.462692022323608,-0.05,0.02,-0.04,0.06
4.526571035385132,-0.1,0.08,-0.11,0.16
4.527022123336792,-0.1,0.07,-0.07,0.14
4.527477979660034,-0.04,0.03,-0.05,0.07
4.527929067611694,-0.07,-0.02,-0.09,0.11
4.528385877609253,-0.03,-0.04,-0.18,0.18
4.528831958770752,0.1,-0.02,-0.24,0.26
4.532297849655151,0.24,0.0,-0.2,0.31
4.5423760414123535,0.31,-0.02,0.05,0.31
4.552515029907227,0.23,-0.03,0.13,0.26
4.5622570514678955,0.2,0.03,0.11,0.23
4.625977993011475,0.19,0.18,0.06,0.26
4.626438856124878,0.1,0.24,0.05,0.26
4.626893043518066,0.04,0.28,0.09,0.29
4.627326011657715,0.08,0.24,0.15,0.29
4.627774000167847,0.02,0.01,0.13,0.13
4.628225088119507,-0.14,-0.23,-0.11,0.29
4.631865978240967,-0.25,-0.32,-0.47,0.62
4.641911029815674,-0.33,-0.29,-0.56,0.71
4.6517720222473145,-0.4,-0.24,-0.34,0.57
4.661862134933472,-0.3,-0.12,-0.02,0.32
4.726141929626465,-0.17,0.11,0.15,0.25
4.726637125015259,0.01,0.45,0.32,0.55
4.727092981338501,0.26,0.62,0.44,0.8
4.727540969848633,0.39,0.68,0.52,0.94
4.7279980182647705,0.28,0.66,0.56,0.9
4.728453874588013,0.08,0.52,0.5,0.72
4.731371164321899,-0.13,0.37,0.42,0.57
4.74152684211731,-0.32,0.19,0.19,0.41
4.7513110637664795,-0.52,0.08,-0.12,0.53
4.761459112167358,-0.65,0.0,-0.32,0.72
4.8260180950164795,-0.57,-0.02,-0.3,0.64
4.826495885848999,-0.33,0.02,-0.2,0.38
4.826962947845459,-0.18,0.05,-0.02,0.18
4.827414035797119,-0.07,-0.07,0.11,0.14
4.827862024307251,0.09,-0.32,0.12,0.35
4.828303098678589,0.25,-0.47,-0.06,0.53
4.830962896347046,0.37,-0.38,-0.24,0.58
4.841080904006958,0.34,-0.25,-0.27,0.5
4.850826025009155,0.22,-0.08,-0.13,0.26
4.861807107925415,0.18,0.17,0.05,0.25
4.926242113113403,0.11,0.28,0.15,0.33
4.926721811294556,0.02,0.13,0.03,0.13
4.927202939987183,-0.05,-0.09,-0.25,0.27
4.927662134170532,-0.07,-0.23,-0.37,0.44
4.928112983703613,-0.11,-0.31,-0.35,0.48
4.928528070449829,-0.08,-0.31,-0.32,0.45
4.930613040924072,-0.11,-0.31,-0.26,0.41
4.940674066543579,-0.23,-0.26,-0.07,0.35
4.950692892074585,-0.18,-0.18,0.08,0.26
4.961538076400757,-0.22,-0.1,0.15,0.28
5.02593994140625,-0.38,-0.1,0.37,0.53
5.026428937911987,-0.47,-0.15,0.6,0.77
5.026888132095337,-0.34,0.01,0.64,0.72
5.027339935302734,-0.02,0.12,0.63,0.64
5.027781009674072,0.07,0.1,0.51,0.52
5.028223037719727,0.03,-0.01,0.1,0.1
5.030218839645386,-0.1,-0.22,-0.24,0.34
5.040250062942505,-0.32,-0.35,-0.36,0.59
5.050073862075806,-0.3,-0.4,-0.33,0.59
5.061154127120972,-0.17,-0.36,-0.22,0.45
5.126624822616577,-0.11,-0.26,-0.05,0.28
5.1271140575408936,0.02,-0.19,0.05,0.19
5.127504110336304,0.11,-0.19,0.05,0.22
5.127961874008179,0.18,-0.11,-0.04,0.21
5.128414869308472,0.23,0.08,-0.02,0.24
5.128865957260132,0.24,0.19,0.09,0.31
5.129718065261841,0.16,0.13,0.14,0.24
5.139855146408081,0.03,-0.05,0.02,0.06
5.149650812149048,0.01,-0.31,-0.25,0.39
5.160836935043335,0.07,-0.46,-0.54,0.71
5.2254650592803955,0.01,-0.47,-0.7,0.84
5.225944995880127,-0.05,-0.36,-0.6,0.7
5.226408958435059,-0.08,-0.22,-0.33,0.4
5.226876974105835,-0.02,-0.09,-0.04,0.1
5.2273290157318115,0.04,-0.03,0.16,0.16
5.227777004241943,-0.11,-0.06,0.18,0.21
5.229387998580933,-0.19,-0.08,0.1,0.22
5.239421129226685,-0.14,-0.06,-0.03,0.15
5.249297857284546,-0.25,-0.03,-0.06,0.25
5.259207010269165,-0.35,0.04,-0.06,0.35
5.26917290687561,-0.26,0.01,-0.06,0.26
5.325562953948975,-0.1,-0.03,-0.18,0.2
5.326064825057983,-0.06,-0.02,-0.16,0.17
5.326524019241333,-0.01,0.13,-0.05,0.13
5.326978921890259,0.19,0.27,0.09,0.34
5.327439069747925,0.33,0.26,0.18,0.45
5.3289690017700195,0.43,0.06,0.11,0.44
5.338946104049683,0.42,-0.03,-0.12,0.43
5.348879098892212,0.17,0.06,-0.26,0.31
5.358979940414429,-0.12,0.1,-0.23,0.27
5.368773937225342,-0.34,0.17,-0.12,0.39
5.425511121749878,-0.45,-0.02,-0.09,0.45
5.425992012023926,-0.41,-0.27,-0.24,0.54
5.4264538288116455,-0.29,-0.17,-0.37,0.49
5.426912069320679,-0.09,-0.12,-0.29,0.32
5.427363157272339,0.26,-0.1,-0.23,0.36
5.4285829067230225,0.56,0.07,-0.09,0.57
5.438552141189575,0.6,0.16,0.14,0.63
5.448407888412476,0.47,0.18,0.37,0.62
5.458482980728149,0.35,0.17,0.44,0.58
5.468321084976196,0.21,0.15,0.34,0.42
5.525686979293823,0.09,0.1,0.2,0.24
5.526179075241089,-0.01,-0.06,-0.06,0.08
5.526655912399292,-0.06,-0.16,-0.45,0.48
5.527108907699585,-0.1,-0.28,-0.85,0.9
5.527547121047974,-0.24,-0.29,-0.82,0.9
5.528100967407227,-0.37,-0.19,-0.42,0.59
5.5382750034332275,-0.36,-0.05,-0.03,0.36
5.548024892807007,-0.16,0.15,0.22,0.31
5.55806303024292,0.22,0.34,0.36,0.54
5.567931890487671,0.55,0.27,0.38,0.72
5.625806093215942,0.67,0.12,0.19,0.7
5.626296043395996,0.62,0.11,-0.05,0.63
5.626752138137817,0.51,0.06,-0.24,0.56
5.627187967300415,0.17,-0.06,-0.24,0.3
5.6276350021362305,-0.25,-0.04,-0.18,0.31
5.628084897994995,-0.47,-0.11,-0.12,0.49
5.637588024139404,-0.53,-0.19,-0.21,0.6
5.6476500034332275,-0.42,-0.16,-0.36,0.57
5.657709836959839,-0.23,-0.12,-0.52,0.58
5.668377161026001,-0.07,-0.13,-0.64,0.65
5.7253148555755615,-0.06,-0.18,-0.71,0.73
5.7257630825042725,-0.09,-0.18,-0.62,0.65
5.726222038269043,-0.06,-0.21,-0.42,0.47
5.726691007614136,-0.04,-0.19,-0.27,0.33
5.727111101150513,-0.04,-0.05,-0.21,0.21
5.727571964263916,0.06,0.09,-0.09,0.14
5.737198114395142,0.14,0.13,-0.01,0.19
5.747101068496704,0.12,0.11,0.16,0.22
5.757167100906372,0.0,0.12,0.25,0.27
5.76807713508606,-0.09,0.1,0.23,0.26
5.825163125991821,-0.14,-0.02,0.1,0.17
5.825644016265869,-0.22,-0.09,-0.05,0.24
5.82610011100769,-0.17,-0.12,-0.28,0.34
5.826574087142944,-0.1,-0.15,-0.42,0.45
5.827023029327393,-0.13,-0.14,-0.39,0.43
5.827464818954468,-0.19,-0.11,-0.24,0.32
5.837092161178589,-0.24,-0.02,0.02,0.24
5.846786975860596,-0.13,0.03,0.16,0.2
5.856805086135864,-0.04,0.05,0.24,0.24
5.8675758838653564,0.04,0.06,0.35,0.35
5.924417972564697,0.2,0.04,0.29,0.35
5.924911022186279,0.23,0.02,0.22,0.31
5.925379037857056,0.13,-0.07,0.11,0.18
5.925879955291748,0.0,-0.19,-0.17,0.25
5.926335096359253,-0.16,-0.3,-0.48,0.58
5.926797151565552,-0.34,-0.37,-0.64,0.81
5.936909914016724,-0.56,-0.43,-0.53,0.88
5.946342945098877,-0.61,-0.44,-0.36,0.83
5.956521987915039,-0.44,-0.29,-0.23,0.57
5.967280149459839,-0.3,-0.09,-0.09,0.32
6.024216890335083,-0.04,0.01,0.05,0.06
6.024730920791626,0.15,0.08,0.18,0.24
6.0252110958099365,0.2,0.11,0.25,0.33
6.025681972503662,0.17,0.04,0.27,0.32
6.026124954223633,0.01,0.06,0.31,0.31
6.026576042175293,-0.07,0.05,0.22,0.23
6.036031007766724,0.0,0.11,0.0,0.11
6.045942068099976,0.16,0.15,-0.12,0.25
6.055945158004761,0.26,0.09,-0.07,0.28
6.065852880477905,0.22,0.01,0.03,0.22
6.075770139694214,0.1,0.05,0.07,0.13
6.0857861042022705,0.06,0.05,0.08,0.11
6.14068603515625,0.0,-0.05,-0.04,0.06
6.141194105148315,-0.05,-0.02,-0.22,0.22
6.141668081283569,-0.11,-0.06,-0.27,0.29
6.142168045043945,-0.14,-0.21,-0.36,0.43
6.1426308155059814,-0.09,-0.28,-0.46,0.54
6.145560026168823,0.02,-0.29,-0.61,0.67
6.1556220054626465,0.05,-0.25,-0.58,0.63
6.165392160415649,0.02,-0.03,-0.29,0.29
6.1754539012908936,0.07,0.09,0.08,0.13
6.185313940048218,0.15,0.07,0.28,0.32
6.241091966629028,0.09,-0.04,0.27,0.28
6.241531133651733,0.04,-0.04,0.18,0.18
6.241991996765137,0.01,0.04,0.03,0.05
6.2424399852752686,0.02,-0.01,-0.15,0.15
6.242892026901245,-0.09,-0.09,-0.2,0.23
6.245088815689087,-0.18,-0.07,-0.21,0.28
6.255194902420044,-0.17,-0.01,-0.16,0.23
6.265007019042969,-0.23,0.1,0.05,0.25
6.324773073196411,-0.2,0.07,0.2,0.29
6.325278043746948,-0.15,-0.11,0.1,0.21
6.32574200630188,-0.22,-0.29,-0.17,0.4
6.326206922531128,-0.32,-0.42,-0.47,0.7
6.326667070388794,-0.34,-0.48,-0.58,0.82
6.3271119594573975,-0.38,-0.41,-0.51,0.75
6.334856033325195,-0.43,-0.21,-0.2,0.51
6.344681024551392,-0.28,-0.19,0.07,0.34
6.354629039764404,-0.03,-0.05,0.28,0.28
6.364661931991577,0.37,0.02,0.44,0.57
6.424757957458496,0.67,-0.03,0.49,0.83
6.425241947174072,0.87,0.13,0.63,1.08
6.425701856613159,0.69,0.35,0.75,1.07
6.426116943359375,0.3,0.35,0.7,0.83
6.426558017730713,0.26,0.26,0.43,0.56
6.427019834518433,0.4,-0.01,0.03,0.4
6.434373140335083,0.32,-0.14,-0.32,0.47
6.4443440437316895,0.16,-0.03,-0.4,0.43
6.454200029373169,0.15,0.05,-0.17,0.23
6.46415901184082,0.24,-0.02,0.07,0.25
6.475042104721069,0.21,0.05,0.18,0.28
6.483911991119385,0.11,0.05,0.14,0.18
6.540732145309448,-0.01,-0.16,0.12,0.2
6.541210889816284,-0.1,-0.35,-0.06,0.36
6.541667938232422,-0.19,-0.36,-0.32,0.51
6.5421600341796875,-0.36,-0.27,-0.39,0.59
6.542608022689819,-0.59,-0.15,-0.33,0.69
6.543865919113159,-0.7,-0.14,-0.17,0.73
6.554074048995972,-0.75,-0.24,0.01,0.78
6.563799142837524,-0.7,-0.19,0.08,0.72
6.574742078781128,-0.41,-0.2,-0.12,0.47
6.58365797996521,-0.12,-0.11,-0.24,0.28
6.641324996948242,0.0,0.06,-0.03,0.06
6.6417670249938965,0.13,0.06,0.26,0.29
6.642216920852661,0.3,0.05,0.35,0.46
6.642660856246948,0.38,0.1,0.4,0.56
6.6431238651275635,0.4,0.11,0.36,0.54
6.643572092056274,0.34,0.1,0.21,0.41
6.653398036956787,0.26,0.05,0.08,0.27
6.663378000259399,0.08,0.22,0.09,0.25
6.67422890663147,-0.08,0.31,0.19,0.37
6.683245897293091,-0.09,0.09,0.2,0.23
6.74100399017334,-0.01,-0.15,0.02,0.15
6.741488933563232,-0.06,-0.13,-0.22,0.26
6.7419469356536865,-0.07,-0.05,-0.35,0.36
6.742430925369263,-0.11,0.04,-0.24,0.26
6.742879152297974,-0.13,0.09,0.01,0.15
6.74332594871521,-0.15,0.1,0.15,0.23
6.752907037734985,-0.12,-0.03,0.18,0.21
6.762941122055054,-0.11,-0.15,0.0,0.18
6.7740418910980225,-0.17,-0.07,-0.25,0.31
6.782900094985962,-0.2,0.01,-0.28,0.34
6.841273069381714,-0.19,0.01,-0.13,0.23
6.841749906539917,-0.04,-0.09,0.04,0.1
6.84220814704895,0.15,-0.12,0.15,0.24
6.842602968215942,0.18,-0.12,0.12,0.24
6.843066930770874,0.11,0.01,0.18,0.21
6.843518972396851,0.15,0.18,0.35,0.42
6.852617025375366,0.23,0.25,0.42,0.54
6.8625218868255615,0.23,0.24,0.41,0.52
6.872627019882202,0.26,0.12,0.28,0.4
6.882367849349976,0.17,-0.05,0.1,0.2
6.9415528774261475,-0.09,-0.14,-0.07,0.18
6.942036867141724,-0.3,-0.2,-0.21,0.41
6.942502021789551,-0.44,-0.18,-0.13,0.49
6.942872047424316,-0.44,-0.18,-0.06,0.47
6.943318128585815,-0.42,-0.05,-0.03,0.42
6.94376802444458,-0.23,0.04,-0.01,0.23
6.952224016189575,0.11,0.08,-0.05,0.14
6.962116956710815,0.31,0.07,0.06,0.32
6.972075939178467,0.32,0.16,0.21,0.41
6.981973886489868,0.26,0.22,0.33,0.47
7.0412209033966064,0.3,0.11,0.29,0.43
7.041701078414917,0.27,-0.14,0.01,0.3
7.042168855667114,0.09,-0.19,-0.39,0.44
7.042623043060303,-0.05,-0.25,-0.65,0.69
7.0430748462677,-0.31,-0.26,-0.59,0.71
7.043519020080566,-0.49,-0.19,-0.35,0.63
7.051678895950317,-0.36,-0.19,-0.14,0.43
7.061693906784058,-0.02,-0.17,-0.15,0.22
7.07157301902771,0.26,-0.13,-0.12,0.31
7.0815441608428955,0.39,-0.03,0.04,0.39
7.139904975891113,0.46,0.0,0.16,0.48
7.140393972396851,0.36,0.02,0.09,0.37
7.140887022018433,0.2,-0.01,-0.01,0.2
7.141350030899048,0.09,-0.11,-0.17,0.22
7.141809940338135,-0.18,-0.16,-0.24,0.34
7.1422789096832275,-0.51,-0.1,-0.12,0.53
7.151332139968872,-0.61,-0.13,0.01,0.62
7.161339998245239,-0.4,-0.16,0.09,0.44
7.17113995552063,-0.26,-0.16,0.13,0.33
7.181112051010132,-0.3,-0.16,0.17,0.38
7.241429090499878,-0.29,-0.1,0.29,0.42
7.241907835006714,-0.17,-0.01,0.37,0.4
7.242362976074219,-0.12,0.04,0.29,0.31
7.2428200244903564,-0.17,0.03,0.25,0.3
7.243265867233276,-0.23,-0.04,0.12,0.26
7.243707895278931,-0.33,-0.09,0.01,0.34
7.250838994979858,-0.4,-0.1,-0.07,0.41
7.260833978652954,-0.3,-0.05,-0.01,0.3
7.27075982093811,-0.17,0.0,0.18,0.24
7.2816760540008545,0.04,0.19,0.38,0.42
7.341058015823364,0.35,0.36,0.57,0.75
7.341536045074463,0.67,0.41,0.66,1.02
7.341983079910278,0.84,0.35,0.66,1.12
7.342394113540649,0.7,0.25,0.66,0.99
7.342854022979736,0.45,0.11,0.63,0.78
7.343297958374023,0.16,0.14,0.4,0.45
7.350506067276001,-0.09,0.17,0.15,0.24
7.360463857650757,-0.29,-0.21,-0.08,0.36
7.370415925979614,-0.36,-0.49,-0.41,0.73
7.381350040435791,-0.34,-0.51,-0.75,0.96
7.441417932510376,-0.4,-0.39,-0.65,0.85
7.441906929016113,-0.41,-0.15,-0.27,0.51
7.442365884780884,-0.17,0.17,0.26,0.35
7.442826986312866,0.19,0.26,0.6,0.68
7.4432690143585205,0.53,0.2,0.52,0.76
7.443713903427124,0.62,0.14,0.26,0.68
7.450082063674927,0.5,0.08,-0.04,0.5
7.459969997406006,0.38,0.05,-0.35,0.51
7.4700000286102295,0.11,0.01,-0.45,0.46
7.480906009674072,-0.19,-0.06,-0.4,0.44
7.5413830280303955,-0.23,-0.15,-0.38,0.46
7.541888952255249,-0.04,-0.33,-0.48,0.58
7.542351007461548,0.05,-0.38,-0.57,0.68
7.542834043502808,-0.13,-0.3,-0.43,0.54
7.543280839920044,-0.24,-0.15,-0.19,0.34
7.543725967407227,-0.1,-0.07,-0.03,0.12
7.5496461391448975,0.05,-0.14,0.05,0.15
7.559607028961182,0.18,-0.21,-0.07,0.28
7.56955885887146,0.25,-0.14,-0.16,0.32
7.580494165420532,0.36,-0.07,-0.09,0.37
7.641187906265259,0.47,-0.1,-0.04,0.48
7.641669988632202,0.43,-0.15,-0.01,0.45
7.642090082168579,0.28,-0.3,-0.01,0.41
7.642545938491821,0.16,-0.32,-0.09,0.36
7.642997980117798,0.05,-0.21,-0.18,0.28
7.643442869186401,0.0,-0.12,-0.15,0.19
7.649261951446533,0.07,0.02,-0.01,0.07
7.6592018604278564,0.15,0.04,0.04,0.16
7.669123888015747,0.04,-0.13,0.02,0.13
7.679060935974121,-0.09,-0.3,-0.17,0.35
7.7411699295043945,-0.19,-0.46,-0.42,0.65
7.741649866104126,-0.34,-0.55,-0.67,0.93
7.742113828659058,-0.42,-0.5,-0.77,1.0
7.742532968521118,-0.42,-0.41,-0.58,0.82
7.743032932281494,-0.23,-0.29,-0.22,0.43
7.743489027023315,0.04,-0.16,0.14,0.21
7.748739004135132,0.3,-0.1,0.38,0.49
7.758677959442139,0.6,0.11,0.48,0.77
7.7687671184539795,0.85,0.18,0.46,0.98
7.7787158489227295,0.79,0.2,0.37,0.89
7.84132194519043,0.55,0.19,0.3,0.65
7.841804027557373,0.27,0.09,0.28,0.39
7.842285871505737,-0.08,-0.09,0.18,0.21
7.842739820480347,-0.42,-0.31,-0.13,0.53
7.843189001083374,-0.58,-0.36,-0.45,0.81
7.843637943267822,-0.69,-0.33,-0.58,0.95
7.8483898639678955,-0.66,-0.37,-0.5,0.9
7.858331918716431,-0.52,-0.44,-0.36,0.77
7.868304014205933,-0.4,-0.3,-0.22,0.54
7.878229856491089,-0.21,-0.05,-0.17,0.27
7.941148042678833,0.08,0.03,-0.01,0.08
7.941631078720093,0.26,0.07,0.08,0.28
7.942095041275024,0.3,0.21,0.21,0.42
7.942547082901001,0.36,0.32,0.31,0.57
7.943011045455933,0.43,0.32,0.29,0.6
7.943454027175903,0.28,0.22,0.15,0.38
7.9480979442596436,0.1,0.17,-0.02,0.19
7.9579010009765625,-0.03,0.21,0.04,0.21
7.967901945114136,-0.16,0.28,0.29,0.43
7.9778358936309814,-0.34,0.37,0.48,0.69
7.987837076187134,-0.57,0.46,0.56,0.92
8.040734052658081,-0.58,0.46,0.56,0.92
8.041226148605347,-0.62,0.47,0.57,0.96
8.041646003723145,-0.45,0.47,0.44,0.78
8.042130947113037,-0.33,0.55,0.4,0.75
8.04259991645813,-0.17,0.58,0.57,0.83
8.04472303390503,0.01,0.42,0.71,0.82
8.054697036743164,0.19,0.17,0.57,0.62
8.064698934555054,0.25,-0.01,0.15,0.29
8.074537992477417,0.02,-0.01,-0.19,0.19
8.084483861923218,-0.16,0.05,-0.32,0.36
8.141304016113281,-0.1,0.1,-0.27,0.3
8.141782999038696,0.07,0.12,-0.08,0.16
8.142261028289795,0.26,0.16,0.12,0.32
8.142709970474243,0.28,0.25,0.26,0.45
8.143169164657593,0.22,0.35,0.35,0.54
8.144347906112671,0.11,0.33,0.42,0.54
8.154222965240479,0.06,0.18,0.34,0.38
8.164209127426147,0.17,0.0,0.08,0.18
8.17418098449707,0.14,-0.04,-0.2,0.24
8.185143947601318,0.07,-0.01,-0.36,0.36
8.240401029586792,0.08,-0.02,-0.33,0.34
8.240862131118774,0.05,-0.02,-0.18,0.18
8.241322994232178,-0.1,0.05,0.08,0.13
8.241779088973999,-0.17,0.02,0.25,0.3
8.242239952087402,-0.23,-0.03,0.26,0.34
8.243953943252563,-0.13,-0.06,0.14,0.2
8.253757953643799,-0.06,-0.07,-0.09,0.12
8.263741970062256,-0.05,-0.17,-0.29,0.33
8.273815870285034,-0.08,-0.12,-0.34,0.36
8.283643960952759,-0.23,-0.12,-0.3,0.39
8.342303991317749,-0.58,-0.25,-0.25,0.67
8.342819929122925,-0.83,-0.37,-0.44,1.0
8.343287944793701,-0.85,-0.38,-0.76,1.2
8.34374213218689,-0.79,-0.23,-0.85,1.18
8.344196081161499,-0.62,-0.05,-0.57,0.84
8.344656944274902,-0.39,0.12,-0.04,0.41
8.353419065475464,-0.03,0.06,0.39,0.39
8.363343954086304,0.05,-0.1,0.48,0.49
8.37333607673645,0.08,-0.09,0.3,0.32
8.383747816085815,0.3,-0.04,0.02,0.3
8.393410921096802,0.44,0.09,-0.09,0.45
8.40331482887268,0.17,0.17,0.03,0.24
8.458117961883545,-0.17,0.07,-0.01,0.18
8.458595037460327,-0.02,-0.25,-0.2,0.32
8.459060907363892,0.24,-0.54,-0.29,0.65
8.459507942199707,-0.04,-0.29,-0.33,0.44
8.459975957870483,-0.3,0.05,-0.15,0.33
8.463106870651245,-0.3,0.11,0.27,0.41
8.47298002243042,-0.2,0.04,0.64,0.67
8.482998132705688,0.05,-0.01,0.73,0.73
8.541913032531738,0.26,-0.03,0.68,0.72
8.542432069778442,0.19,-0.05,0.6,0.63
8.54289698600769,0.05,-0.14,0.42,0.44
8.543351888656616,0.04,-0.31,0.18,0.36
8.54380202293396,0.06,-0.43,-0.07,0.43
8.544246912002563,0.11,-0.3,-0.18,0.36
8.552690982818604,0.11,-0.08,-0.13,0.18
8.562726020812988,0.17,0.05,0.14,0.22
8.57252287864685,0.35,0.05,0.37,0.51
8.582610845565796,0.37,-0.03,0.45,0.58
8.64120602607727,0.25,-0.09,0.34,0.43
8.641702890396118,0.08,-0.14,0.17,0.23
8.642163038253784,0.05,-0.2,-0.02,0.2
8.642611980438232,0.1,-0.19,-0.23,0.31
8.643093824386597,0.15,-0.17,-0.43,0.48
8.643540143966675,0.09,-0.14,-0.55,0.57
8.65225100517273,-0.01,-0.14,-0.51,0.52
8.662312984466553,-0.06,-0.06,-0.23,0.24
8.672334909439087,-0.03,-0.02,0.13,0.13
8.682192087173462,0.07,-0.09,0.24,0.26
8.69338583946228,0.13,-0.21,0.0,0.24
8.702114820480347,0.19,-0.22,-0.37,0.47
8.757291078567505,0.16,-0.15,-0.73,0.76
8.757730960845947,-0.04,-0.15,-0.81,0.82
8.758190870285034,-0.34,-0.24,-0.77,0.87
8.7586510181427,-0.42,-0.1,-0.57,0.71
8.759114980697632,-0.43,0.24,-0.36,0.61
8.761865854263306,-0.41,0.38,-0.16,0.58
8.771832942962646,-0.35,0.3,0.05,0.46
8.781744003295898,-0.11,0.0,0.08,0.13
8.792775869369507,0.07,-0.22,-0.13,0.26
8.801624059677124,0.0,-0.08,-0.32,0.32
8.856402158737183,-0.22,0.04,-0.33,0.39
8.85689091682434,-0.6,-0.01,-0.17,0.62
8.857349157333374,-0.83,-0.04,-0.14,0.84
8.857805967330933,-0.59,-0.07,-0.3,0.66
8.858257055282593,-0.18,0.08,-0.43,0.47
8.861393928527832,-0.05,0.2,-0.34,0.39
8.87128496170044,-0.13,0.26,-0.16,0.33
8.88139295578003,-0.14,0.29,0.0,0.32
8.892542123794556,-0.07,0.21,0.11,0.24
8.901412010192871,-0.03,-0.03,0.06,0.07
8.957805871963501,-0.07,-0.11,-0.17,0.21
8.958296060562134,-0.26,0.07,-0.24,0.36
8.958757162094116,-0.45,0.3,0.04,0.54
8.959206819534302,-0.74,0.39,0.33,0.89
8.959656953811646,-0.92,0.36,0.59,1.15
8.96116304397583,-0.4,0.13,0.51,0.66
8.970857858657837,0.93,-0.16,-0.03,0.94
8.981024980545044,1.47,0.2,-0.3,1.51
8.992226839065552,0.96,0.49,-0.22,1.1
9.001009941101074,0.27,0.46,0.1,0.54
9.058058977127075,-0.31,0.24,0.32,0.5
9.058557033538818,-0.33,0.02,0.17,0.37
9.05903697013855,-0.05,0.11,-0.09,0.15
9.059492826461792,0.02,0.3,-0.2,0.36
9.059988975524902,-0.04,0.36,-0.02,0.36
9.060642004013062,0.04,0.25,0.19,0.31
9.07044005393982,0.17,0.18,0.29,0.38
9.080538988113403,0.42,0.11,0.15,0.45
9.090555906295776,0.65,0.14,-0.05,0.66
9.100440979003906,0.38,0.28,-0.06,0.47
9.156832933425903,-0.08,0.17,0.09,0.2
9.157328844070435,-0.36,0.05,0.13,0.38
9.157798051834106,-0.48,-0.07,0.11,0.49
9.158262014389038,-0.52,-0.02,-0.02,0.52
9.158707857131958,-0.53,-0.07,-0.12,0.54
9.160185098648071,-0.5,-0.2,-0.16,0.56
9.170164823532104,-0.13,-0.49,-0.28,0.57
9.18013882637024,0.29,-0.55,-0.38,0.72
9.189966917037964,0.1,-0.14,-0.26,0.31
9.200033903121948,-0.43,0.17,0.04,0.46
9.257485151290894,-0.64,0.12,0.34,0.73
9.257988929748535,-0.48,-0.08,0.42,0.64
9.258450031280518,-0.27,-0.07,0.28,0.39
9.258924961090088,-0.21,-0.03,0.03,0.21
9.25939393043518,-0.13,-0.08,-0.19,0.24
9.259933948516846,-0.1,-0.06,-0.24,0.26
9.26977801322937,-0.28,-0.11,-0.16,0.34
9.279690980911255,-0.27,-0.32,-0.18,0.45
9.289649963378906,-0.04,-0.48,-0.28,0.55
9.299621820449829,0.03,-0.39,-0.15,0.41
9.357093095779419,-0.15,-0.16,0.06,0.22
9.357578992843628,-0.19,0.01,0.16,0.24
9.358042001724243,-0.08,0.11,0.22,0.25
9.358440160751343,-0.08,0.09,0.23,0.25
9.358863115310669,0.07,0.09,0.11,0.15
9.359357118606567,0.42,-0.04,0.07,0.42
9.36929202079773,0.43,-0.09,0.17,0.47
9.379266023635864,0.07,-0.02,0.24,0.25
9.389661073684692,-0.16,-0.09,0.24,0.3
9.399184942245483,-0.04,-0.25,0.1,0.27
9.457166910171509,0.19,-0.34,-0.15,0.41
9.457651853561401,0.32,-0.32,-0.34,0.56
9.45811915397644,0.18,-0.24,-0.3,0.42
9.458595991134644,-0.12,-0.27,-0.06,0.3
9.459043979644775,-0.3,-0.35,0.15,0.48
9.459472894668579,-0.32,-0.3,0.2,0.48
9.468837022781372,-0.03,-0.3,0.07,0.3
9.478851079940796,0.31,-0.3,-0.01,0.43
9.488756895065308,0.4,-0.28,0.0,0.48
9.499902963638306,0.45,-0.22,-0.08,0.5
9.557379007339478,0.51,-0.23,-0.18,0.58
9.557882070541382,0.52,-0.24,-0.13,0.58
9.558345079421997,0.47,-0.13,-0.19,0.52
9.558799982070923,0.2,-0.12,-0.12,0.26
9.559263944625854,-0.16,-0.3,0.0,0.34
9.559711933135986,-0.29,-0.29,-0.1,0.42
9.568467855453491,-0.37,-0.25,-0.18,0.48
9.578420877456665,-0.38,-0.3,-0.13,0.5
9.588372945785522,-0.25,-0.39,-0.08,0.47
9.599439859390259,0.01,-0.39,-0.08,0.39
9.657238960266113,0.39,-0.31,-0.18,0.52
9.657761812210083,0.8,-0.18,-0.15,0.83
9.658231973648071,0.93,-0.14,0.04,0.94
9.658695936203003,0.65,-0.02,0.13,0.66
9.65914797782898,0.22,0.01,0.05,0.22
9.659595012664795,-0.1,0.0,-0.05,0.11
9.668092012405396,-0.11,-0.01,-0.27,0.29
9.678006887435913,0.02,-0.12,-0.38,0.39
9.688009977340698,-0.02,-0.23,-0.34,0.41
9.699182987213135,-0.2,-0.12,-0.24,0.33
9.757521867752075,-0.12,-0.01,-0.1,0.15
9.758015871047974,-0.01,0.05,0.01,0.05
9.758495092391968,0.11,0.02,0.03,0.11
9.758957147598267,0.34,-0.04,0.01,0.34
9.759415864944458,0.52,-0.12,-0.02,0.53
9.759894132614136,0.44,-0.06,-0.11,0.45
9.767637968063354,0.15,0.06,-0.08,0.18
9.777575969696045,-0.07,0.09,0.04,0.12
9.787535905838013,-0.16,-0.01,0.17,0.23
9.798691987991333,-0.25,-0.12,0.15,0.31
9.857659101486206,-0.29,-0.15,0.02,0.32
9.858166933059692,-0.45,-0.1,0.01,0.46
9.858650922775269,-0.43,0.09,0.13,0.45
9.8591148853302,-0.17,0.22,0.31,0.41
9.859515905380249,0.09,0.26,0.31,0.41
9.859962940216064,0.39,0.27,0.21,0.51
9.867393016815186,0.38,0.29,0.09,0.48
9.877210855484009,0.19,0.36,0.04,0.4
9.887091875076294,0.16,0.27,0.08,0.32
9.897056818008423,0.17,0.08,0.11,0.21
9.957556962966919,-0.06,-0.11,0.0,0.12
9.958059072494507,-0.36,-0.1,-0.29,0.47
9.9585280418396,-0.3,-0.14,-0.55,0.64
9.959017992019653,-0.07,-0.29,-0.52,0.59
9.959484815597534,0.05,-0.27,-0.51,0.57
9.95993685722351,0.25,-0.19,-0.38,0.49
9.966883897781372,0.21,-0.1,-0.28,0.36
9.97683310508728,-0.06,-0.1,-0.16,0.19
9.986752986907959,-0.25,-0.08,-0.03,0.26
9.996744871139526,-0.31,0.18,0.04,0.36
10.057595014572144,-0.15,0.33,0.22,0.42
10.058100938796997,0.04,0.38,0.25,0.45
10.058604955673218,0.23,0.3,0.17,0.41
10.059076070785522,0.27,0.23,0.14,0.38
10.05954384803772,0.22,0.15,0.1,0.28
10.060034036636353,0.12,0.12,-0.02,0.17
10.066588163375854,0.11,0.01,-0.09,0.14
10.076359987258911,0.19,-0.1,-0.16,0.26
10.086303949356079,-0.01,-0.18,-0.26,0.31
10.09630298614502,-0.27,-0.11,-0.42,0.51
10.106170892715454,-0.5,-0.06,-0.34,0.6
10.157514810562134,-0.7,-0.04,-0.31,0.76
10.157989978790283,-0.71,-0.04,-0.32,0.77
10.158471822738647,-0.51,0.03,-0.09,0.51
10.158926963806152,-0.21,0.29,0.1,0.37
10.159424066543579,0.1,0.41,0.16,0.45
10.16606593132019,0.5,0.4,0.24,0.68
10.176044940948486,0.76,0.29,0.3,0.86
10.185925960540771,0.54,0.08,0.17,0.57
10.196002960205078,0.09,-0.11,-0.08,0.16
10.205783128738403,-0.23,-0.31,-0.26,0.46
10.258097887039185,-0.47,-0.46,-0.38,0.75
10.258603811264038,-0.52,-0.4,-0.41,0.77
10.259078979492188,-0.41,-0.16,-0.6,0.74
10.259567022323608,-0.03,0.1,-0.44,0.45
10.260040044784546,0.48,0.11,-0.1,0.5
10.265557050704956,0.54,0.01,0.17,0.56
10.275513887405396,0.25,-0.12,0.21,0.34
10.28542685508728,-0.02,-0.23,0.0,0.23
10.295536041259766,-0.19,-0.27,-0.15,0.36
10.306370973587036,-0.16,-0.24,-0.15,0.32
10.357578039169312,-0.12,-0.07,-0.17,0.21
10.358099937438965,-0.14,0.23,0.03,0.27
10.358585119247437,0.25,0.32,0.4,0.57
10.359040975570679,0.64,0.28,0.63,0.94
10.359535932540894,0.59,0.19,0.58,0.84
10.365164041519165,0.27,0.11,0.28,0.4
10.375109910964966,-0.08,0.01,-0.03,0.08
10.385044813156128,-0.24,-0.09,-0.22,0.33
10.395064115524292,-0.33,-0.17,-0.11,0.38
10.40603494644165,-0.42,-0.18,-0.06,0.46
10.457104921340942,-0.55,-0.18,0.1,0.58
10.457597017288208,-0.36,-0.08,0.06,0.37
10.458057165145874,0.13,0.13,-0.03,0.18
10.458523035049438,0.38,0.31,-0.06,0.49
10.458984136581421,0.32,0.34,0.07,0.47
10.464783906936646,0.1,0.24,0.12,0.28
10.474920988082886,-0.14,0.21,0.13,0.28
10.4846031665802,-0.19,0.13,0.22,0.31
10.494616985321045,-0.07,0.06,0.17,0.19
10.50553584098816,-0.09,0.02,0.07,0.11
10.557340860366821,-0.27,-0.08,-0.08,0.29
10.557831048965454,-0.33,-0.07,-0.25,0.41
10.558293104171753,-0.2,0.08,-0.34,0.4
10.558794021606445,-0.02,0.05,-0.3,0.3
10.5592520236969,0.11,-0.01,-0.24,0.26
10.564387083053589,-0.19,0.04,-0.2,0.27
10.574867963790894,-0.47,0.15,-0.06,0.49
10.584218978881836,-0.61,0.27,0.19,0.69
10.594210863113403,-0.49,0.44,0.37,0.75
10.605237007141113,-0.05,0.45,0.44,0.63
10.65779709815979,0.48,0.25,0.32,0.62
10.658281087875366,0.6,0.1,0.21,0.64
10.658740043640137,0.31,-0.17,0.02,0.35
10.659204959869385,0.17,-0.28,-0.26,0.41
10.659613847732544,0.02,-0.28,-0.52,0.59
10.663906812667847,-0.18,-0.28,-0.66,0.73
10.6737539768219,-0.03,-0.16,-0.56,0.58
10.683779954910278,0.14,0.08,-0.3,0.34
10.693764925003052,0.21,0.15,-0.05,0.26
10.703683137893677,0.24,0.18,0.14,0.33
10.713660955429077,0.11,0.23,0.12,0.28
10.77416205406189,-0.07,0.15,0.02,0.16
10.774635076522827,-0.16,-0.01,-0.05,0.16
10.775098085403442,-0.1,-0.21,-0.26,0.34
10.775564908981323,-0.06,-0.37,-0.47,0.6
10.776029825210571,0.01,-0.51,-0.68,0.85
10.776482820510864,0.03,-0.57,-0.79,0.97
10.78334903717041,-0.25,-0.39,-0.78,0.9
10.793390035629272,-0.37,-0.1,-0.43,0.57
10.803282976150513,-0.2,0.03,0.03,0.2
10.813224077224731,-0.07,0.1,0.27,0.29
10.82314395904541,0.12,0.26,0.34,0.44
10.87435793876648,0.16,0.29,0.37,0.49
10.8748459815979,0.12,0.25,0.31,0.41
10.875309944152832,-0.07,0.2,0.21,0.29
10.875746965408325,-0.2,0.08,0.2,0.29
10.876196146011353,-0.04,-0.04,0.13,0.14
10.882930994033813,0.19,0.04,-0.04,0.19
10.89297103881836,0.21,0.02,-0.05,0.21
10.902857065200806,0.13,-0.12,-0.02,0.17
10.912853956222534,-0.05,-0.18,-0.11,0.21
10.922744989395142,-0.12,-0.04,-0.18,0.22
10.974277973175049,0.0,0.07,-0.12,0.13
10.974756956100464,0.26,0.17,0.06,0.31
10.975216150283813,0.55,0.3,0.2,0.65
10.975612878799438,0.48,0.3,0.33,0.65
10.97605586051941,0.05,0.14,0.32,0.35
10.982511043548584,-0.27,-0.11,0.25,0.38
10.992617845535278,-0.58,-0.31,0.06,0.66
11.002442121505737,-0.79,-0.49,-0.15,0.94
11.012426137924194,-0.82,-0.55,-0.26,1.02
11.022313833236694,-0.52,-0.31,-0.35,0.69
11.074602842330933,0.06,-0.03,-0.27,0.27
11.07508397102356,0.41,0.18,-0.03,0.44
11.075551986694336,0.44,0.27,0.17,0.54
11.075999975204468,0.25,0.23,0.22,0.4
11.076442956924438,0.16,0.21,0.17,0.31
11.082119941711426,0.11,-0.03,0.07,0.13
11.092226028442383,-0.15,-0.19,-0.28,0.37
11.102097988128662,-0.26,-0.16,-0.47,0.56
11.113077878952026,-0.25,-0.1,-0.53,0.59
11.121870994567871,-0.24,-0.1,-0.37,0.45
11.174003839492798,-0.18,-0.1,-0.18,0.27
11.174500942230225,-0.03,-0.03,-0.11,0.11
11.174960851669312,0.1,0.0,-0.01,0.1
11.175415992736816,0.29,0.05,0.06,0.3
11.17585015296936,0.46,0.05,-0.01,0.46
11.181764841079712,0.38,-0.06,-0.17,0.42
11.191713094711304,0.37,-0.03,-0.23,0.43
11.201570987701416,0.24,-0.08,-0.28,0.37
11.212746858596802,-0.09,-0.34,-0.26,0.43
11.221536874771118,-0.32,-0.53,-0.31,0.69
11.275146007537842,-0.4,-0.44,-0.29,0.66
11.275625944137573,-0.3,-0.26,-0.28,0.48
11.27609395980835,-0.2,0.01,-0.24,0.31
11.276551008224487,-0.24,0.17,0.02,0.29
11.276999950408936,-0.27,0.26,0.16,0.4
11.2812979221344,-0.23,0.34,0.31,0.51
11.291085958480835,0.06,0.39,0.4,0.56
11.301164865493774,0.34,0.28,0.47,0.64
11.312308073043823,0.48,0.16,0.25,0.56
11.321069955825806,0.34,0.1,-0.02,0.35
11.374824047088623,0.01,0.17,-0.15,0.22
11.375319004058838,-0.33,0.04,-0.08,0.34
11.375817060470581,-0.58,-0.12,0.12,0.6
11.37627387046814,-0.54,-0.18,0.1,0.57
11.376729965209961,-0.19,-0.06,-0.03,0.2
11.380820035934448,0.21,0.09,-0.19,0.29
11.390910863876343,0.45,0.1,-0.26,0.52
11.400781869888306,0.59,0.04,-0.21,0.62
11.411813020706177,0.53,0.0,-0.22,0.57
11.420698881149292,0.39,-0.06,-0.29,0.48
11.474642992019653,0.25,-0.19,-0.16,0.35
11.475113153457642,0.02,-0.34,-0.09,0.35
11.475570917129517,-0.07,-0.47,-0.01,0.47
11.476042032241821,-0.22,-0.27,-0.09,0.35
11.476477861404419,-0.31,0.05,-0.16,0.35
11.480334043502808,-0.31,0.19,-0.01,0.36
11.490913152694702,-0.16,0.2,0.17,0.3
11.500404119491577,-0.03,0.22,0.33,0.39
11.510363817214966,0.02,0.23,0.34,0.41
11.520244836807251,0.01,0.21,0.28,0.35
11.574745893478394,-0.04,0.16,0.11,0.19
11.575224161148071,0.11,0.03,0.0,0.11
11.575685977935791,0.48,-0.05,-0.01,0.48
11.576138973236084,0.53,-0.1,-0.07,0.54
11.5765860080719,0.14,-0.17,-0.09,0.23
11.579993963241577,-0.2,-0.23,-0.12,0.32
11.589968919754028,-0.37,-0.25,-0.22,0.49
11.600006818771362,-0.32,-0.26,-0.34,0.53
11.610002040863037,-0.04,-0.19,-0.47,0.5
11.619829893112183,0.21,-0.15,-0.43,0.5
11.675019979476929,-0.06,-0.01,-0.26,0.26
11.675509929656982,-0.19,0.14,-0.05,0.24
11.675971031188965,0.04,0.19,0.19,0.27
11.676445960998535,0.31,0.13,0.23,0.4
11.676893949508667,0.64,0.02,0.07,0.64
11.679528951644897,0.82,-0.19,-0.12,0.85
11.689599990844727,0.64,-0.43,-0.24,0.8
11.699581861495972,0.02,-0.41,-0.31,0.51
11.709533929824829,-0.43,-0.38,-0.21,0.61
11.719433069229126,-0.71,-0.18,0.06,0.73
11.774975061416626,-0.7,0.12,0.52,0.88
11.775449991226196,-0.3,0.36,0.91,1.02
11.775910139083862,0.18,0.48,1.11,1.22
11.776355981826782,0.66,0.31,1.02,1.25
11.77679705619812,0.97,0.14,0.62,1.15
11.7791268825531,1.05,-0.11,0.07,1.05
11.789077043533325,0.86,-0.39,-0.46,1.05
11.79916000366211,0.41,-0.72,-0.75,1.11
11.809200048446655,-0.11,-0.86,-0.93,1.27
11.818957090377808,-0.63,-0.7,-0.86,1.27
11.874732971191406,-0.91,-0.5,-0.58,1.18
11.875226020812988,-0.94,-0.23,-0.24,0.99
11.875689029693604,-0.52,0.1,0.22,0.57
11.876146078109741,-0.09,0.26,0.41,0.49
11.876601934432983,-0.01,0.27,0.45,0.52
11.878724813461304,-0.11,0.4,0.4,0.57
11.88869595527649,-0.05,0.41,0.32,0.52
11.898671865463257,0.07,0.28,0.33,0.43
11.908666849136353,0.12,-0.02,0.27,0.29
11.919631004333496,0.1,-0.4,0.03,0.41
11.97521710395813,-0.01,-0.5,-0.37,0.62
11.975697994232178,-0.35,-0.41,-0.52,0.74
11.976165056228638,-0.59,-0.3,-0.49,0.82
11.976614952087402,-0.66,-0.2,-0.3,0.75
11.977059125900269,-0.4,0.0,-0.05,0.4
11.978358030319214,0.08,0.32,0.22,0.39
11.988291025161743,0.32,0.48,0.36,0.68
11.998351812362671,0.44,0.49,0.31,0.72
12.008152961730957,0.59,0.32,0.19,0.69
12.019160985946655,0.6,0.23,-0.02,0.64
12.075609922409058,0.39,0.13,-0.17,0.44
12.076099157333374,0.24,-0.01,-0.2,0.31
12.076565027236938,0.17,-0.12,-0.21,0.29
12.07705283164978,0.04,-0.18,-0.29,0.34
12.077532052993774,-0.04,-0.12,-0.27,0.29
12.0779869556427,-0.07,-0.01,-0.2,0.21
12.087867975234985,0.05,0.16,-0.13,0.21
12.097956895828247,0.34,0.26,-0.05,0.43
12.107590913772583,0.56,0.26,-0.05,0.61
12.118948936462402,0.63,0.2,-0.23,0.69
12.174626111984253,0.55,0.14,-0.52,0.76
12.1751070022583,0.42,-0.08,-0.63,0.76
12.175570011138916,0.22,-0.3,-0.71,0.8
12.176018953323364,0.18,-0.37,-0.76,0.86
12.176501035690308,0.3,-0.34,-0.79,0.91
12.17746615409851,0.39,-0.35,-0.88,1.02
12.187469959259033,0.29,-0.25,-0.82,0.9
12.19743299484253,0.06,-0.2,-0.75,0.77
12.207608938217163,-0.15,-0.1,-0.58,0.6
12.218560934066772,-0.12,0.1,-0.44,0.46
12.275300025939941,0.23,0.25,-0.3,0.45
12.275787115097046,0.64,0.26,-0.17,0.71
12.276252031326294,0.86,0.08,-0.16,0.87
12.276724100112915,0.67,-0.14,-0.28,0.73
12.277169942855835,0.42,-0.29,-0.44,0.67
12.277647018432617,0.33,-0.43,-0.58,0.79
12.287037134170532,0.31,-0.45,-0.7,0.88
12.297022104263306,0.34,-0.37,-0.7,0.86
12.307322978973389,0.36,-0.22,-0.59,0.72
12.316926002502441,0.45,-0.11,-0.23,0.51
12.374711990356445,0.6,-0.14,0.08,0.62
12.375216960906982,0.71,-0.11,0.09,0.72
12.37567400932312,0.66,-0.07,0.12,0.67
12.37614393234253,0.54,-0.11,0.08,0.55
12.376591920852661,0.27,-0.18,0.05,0.32
12.377042055130005,0.06,-0.26,0.02,0.26
12.386660814285278,-0.19,-0.39,0.13,0.45
12.396599054336548,-0.56,-0.42,0.23,0.73
12.406522989273071,-0.65,-0.28,0.33,0.78
12.416617155075073,-0.41,-0.13,0.44,0.61
12.474792003631592,-0.06,-0.02,0.6,0.6
12.47528600692749,0.48,0.08,0.66,0.82
12.475788831710815,0.92,0.22,0.68,1.16
12.47623896598816,1.04,0.24,0.55,1.2
12.476685047149658,0.81,0.03,0.48,0.94
12.477170944213867,0.44,-0.21,0.33,0.58
12.486266851425171,0.08,-0.39,0.19,0.44
12.496181011199951,-0.4,-0.43,0.03,0.58
12.506204843521118,-0.54,-0.44,0.04,0.69
12.51618504524231,-0.4,-0.39,0.09,0.56
12.574106931686401,-0.08,-0.42,0.11,0.44
12.574568033218384,0.29,-0.42,0.0,0.51
12.575031995773315,0.43,-0.28,-0.21,0.55
12.575508832931519,0.22,-0.18,-0.39,0.48
12.575958967208862,-0.15,-0.19,-0.43,0.49
12.576409101486206,-0.27,-0.23,-0.35,0.49
12.585875988006592,-0.23,-0.24,-0.25,0.41
12.601328134536743,-0.2,-0.26,-0.22,0.39
12.605674028396606,-0.21,-0.27,-0.21,0.4
12.615681886672974,-0.5,-0.21,-0.29,0.61
12.674318075180054,-0.81,-0.09,-0.29,0.86
12.674823999404907,-0.52,0.07,-0.14,0.54
12.675280809402466,0.02,0.12,0.01,0.12
12.675729036331177,0.35,0.1,0.11,0.38
12.676169157028198,0.35,0.11,0.01,0.36
12.676600933074951,0.03,0.11,-0.05,0.12
12.68539309501648,-0.21,0.07,-0.01,0.22
12.695340871810913,-0.29,0.0,0.02,0.29
12.705224990844727,-0.15,-0.06,0.01,0.16
12.71529507637024,0.07,-0.1,-0.06,0.13
12.726341962814331,0.03,-0.08,-0.1,0.13
12.735126972198486,-0.08,-0.02,-0.03,0.08
12.791119813919067,-0.12,0.05,0.01,0.13
12.791561841964722,-0.13,0.07,0.01,0.14
12.792033910751343,-0.11,0.13,-0.02,0.17
12.792487859725952,-0.12,0.17,-0.08,0.22
12.792947053909302,-0.16,0.18,-0.14,0.27
12.794871091842651,-0.2,0.19,-0.14,0.3
12.804941892623901,-0.24,0.21,-0.11,0.33
12.81489109992981,-0.21,0.13,-0.01,0.24
12.825605154037476,-0.21,0.0,0.12,0.24
12.834830045700073,-0.27,-0.01,0.02,0.27
12.890931844711304,-0.03,0.03,-0.02,0.04
12.891422033309937,0.29,0.08,-0.03,0.3
12.89189100265503,0.25,0.13,-0.1,0.29
12.892337083816528,0.09,0.03,-0.12,0.15
12.892786979675293,-0.02,-0.09,-0.21,0.22
12.89451289176941,-0.14,-0.11,-0.39,0.42
12.904389142990112,-0.22,-0.11,-0.53,0.58
12.914448022842407,-0.15,-0.09,-0.51,0.53
12.925225973129272,0.04,-0.01,-0.37,0.37
12.934327840805054,0.11,0.05,-0.19,0.22
12.990862131118774,0.06,0.22,-0.09,0.24
12.99134087562561,-0.03,0.27,-0.12,0.29
12.991798162460327,-0.21,0.1,-0.21,0.31
12.992255926132202,-0.34,-0.07,-0.16,0.38
12.992708921432495,-0.41,-0.14,-0.17,0.46
12.994086027145386,-0.42,-0.1,-0.24,0.49
13.004076957702637,-0.36,-0.04,-0.36,0.51
13.01402997970581,-0.41,-0.01,-0.42,0.58
13.025311946868896,-0.55,-0.07,-0.29,0.62
13.033911943435669,-0.49,-0.1,-0.24,0.55
13.090616941452026,-0.37,-0.13,-0.19,0.43
13.09109902381897,-0.28,-0.19,-0.15,0.37
13.091552972793579,-0.01,-0.12,-0.23,0.25
13.092002153396606,0.04,-0.05,-0.28,0.28
13.092447996139526,-0.23,0.02,-0.32,0.39
13.093650102615356,-0.44,0.13,-0.36,0.58
13.103637933731079,-0.76,-0.19,-0.21,0.81
13.113540887832642,-1.21,-0.47,-0.27,1.32
13.123471021652222,-1.41,-0.45,-0.39,1.53
13.133479833602905,-1.26,-0.26,-0.43,1.35
13.18961215019226,-0.8,0.03,-0.38,0.88
13.190093994140625,-0.36,0.17,-0.15,0.42
13.191216945648193,0.16,0.23,0.02,0.28
13.191694021224976,0.77,0.38,0.21,0.88
13.192142963409424,1.23,0.64,0.35,1.43
13.193217992782593,1.36,0.84,0.49,1.67
13.203106164932251,1.19,0.94,0.7,1.67
13.213216066360474,0.84,0.74,0.85,1.4
13.223117113113403,0.23,0.22,0.91,0.96
13.23312497138977,-0.51,-0.25,0.71,0.9
13.29103398323059,-1.34,-0.39,0.26,1.41
13.291520833969116,-1.66,-0.14,-0.13,1.67
13.291985988616943,-1.3,0.16,-0.29,1.34
13.292470932006836,-0.83,0.22,-0.04,0.85
13.292925119400024,-0.39,0.1,0.39,0.56
13.293377161026001,0.11,-0.03,0.64,0.65
13.302875995635986,0.55,-0.06,0.66,0.86
13.312757968902588,0.77,0.04,0.5,0.91
13.322736024856567,0.88,0.14,0.27,0.93
13.332605123519897,0.73,0.13,0.09,0.74
13.390293836593628,0.42,-0.06,0.05,0.42
13.391318082809448,0.14,-0.39,0.05,0.41
13.391818046569824,0.06,-0.6,-0.15,0.62
13.392277002334595,-0.03,-0.56,-0.33,0.65
13.392725944519043,-0.06,-0.3,-0.35,0.46
13.393195867538452,0.07,-0.07,-0.23,0.25
13.402326822280884,0.18,-0.02,-0.04,0.18
13.412329912185669,0.33,-0.23,0.24,0.46
13.422321081161499,0.53,-0.37,0.17,0.66
13.432223081588745,0.48,-0.46,-0.21,0.69
13.49042010307312,0.23,-0.56,-0.65,0.88
13.49090313911438,-0.14,-0.48,-0.95,1.07
13.491398096084595,-0.41,-0.42,-1.0,1.15
13.49185299873352,-0.71,-0.5,-0.84,1.2
13.492311954498291,-0.73,-0.44,-0.61,1.04
13.492764949798584,-0.57,-0.33,-0.35,0.74
13.501933813095093,-0.28,-0.27,-0.12,0.4
13.511945009231567,0.05,-0.06,-0.09,0.11
13.521857023239136,0.15,0.07,-0.23,0.28
13.532930135726929,0.13,0.11,-0.33,0.37
13.590790033340454,0.1,0.16,-0.42,0.46
13.591310024261475,0.17,0.17,-0.54,0.59
13.591769933700562,0.13,-0.02,-0.53,0.54
13.592232942581177,-0.18,-0.29,-0.54,0.63
13.592682123184204,-0.58,-0.38,-0.69,0.97
13.593129873275757,-0.68,-0.41,-0.64,1.01
13.601467847824097,-0.49,-0.32,-0.53,0.78
13.611441850662231,-0.24,-0.17,-0.45,0.53
13.621389150619507,-0.05,0.08,-0.44,0.45
13.632498979568481,-0.06,0.25,-0.4,0.47
13.69054913520813,-0.18,0.29,-0.24,0.41
13.691040992736816,-0.4,0.25,-0.05,0.47
13.69150185585022,-0.65,0.07,0.1,0.66
13.691956043243408,-0.88,-0.02,0.01,0.88
13.692413091659546,-1.1,-0.03,-0.11,1.1
13.692870855331421,-1.16,0.03,-0.2,1.17
13.701159954071045,-0.98,0.06,-0.13,0.99
13.711040019989014,-0.68,0.11,0.06,0.69
13.721012830734253,-0.56,0.11,0.34,0.66
13.73211407661438,-0.48,0.13,0.53,0.72
13.790127038955688,-0.34,0.25,0.44,0.6
13.79119610786438,-0.23,0.29,0.35,0.5
13.791682958602905,-0.26,0.28,0.29,0.47
13.792134046554565,-0.32,0.25,0.22,0.46
13.792603015899658,-0.19,0.21,0.11,0.3
13.793067932128906,-0.11,0.17,-0.04,0.2
13.800714015960693,-0.25,0.03,-0.18,0.3
13.810642004013062,-0.53,-0.25,-0.26,0.64
13.820636987686157,-0.93,-0.49,-0.28,1.08
13.831660985946655,-1.12,-0.31,-0.37,1.21
13.88970685005188,-1.17,0.05,-0.27,1.2
13.890197992324829,-0.79,0.36,-0.14,0.87
13.89125394821167,-0.32,0.56,-0.05,0.64
13.891716957092285,0.03,0.64,0.1,0.64
13.892168998718262,-0.07,0.54,0.27,0.6
13.892635107040405,-0.37,0.34,0.35,0.61
13.90023684501648,-0.62,0.29,0.25,0.72
13.910051107406616,-0.8,0.31,0.09,0.86
13.920053005218506,-0.83,0.3,0.11,0.88
13.93001389503479,-0.57,0.38,0.12,0.69
13.939954042434692,-0.2,0.53,0.3,0.64
13.99016785621643,-0.13,0.46,0.79,0.92
13.991182088851929,-0.1,0.26,1.04,1.07
13.99164891242981,-0.12,0.21,1.01,1.03
13.99212098121643,-0.29,0.17,0.78,0.84
13.992578029632568,-0.46,0.08,0.5,0.68
13.999726057052612,-0.57,-0.04,0.17,0.59
14.009649991989136,-0.6,-0.05,-0.03,0.6
14.019601106643677,-0.4,-0.2,-0.06,0.45
14.029539823532104,0.27,-0.45,-0.01,0.52
14.039515018463135,0.78,-0.59,-0.06,0.97
14.089678049087524,1.01,-0.74,-0.21,1.26
14.090152025222778,1.07,-0.89,-0.31,1.42
14.090574026107788,0.83,-0.89,-0.35,1.26
14.091615915298462,0.38,-0.72,-0.29,0.86
14.092092990875244,0.0,-0.42,-0.12,0.43
14.099297046661377,-0.22,-0.16,-0.01,0.27
14.10915994644165,-0.41,0.08,0.01,0.41
14.119123935699463,-0.41,0.21,0.09,0.46
14.129235982894897,-0.16,0.1,0.15,0.24
14.139067888259888,0.06,-0.04,0.12,0.13
14.190539121627808,0.33,-0.13,0.07,0.36
14.191550016403198,0.62,-0.1,0.03,0.62
14.192016839981079,0.61,-0.01,0.05,0.61
14.192469835281372,0.23,0.03,0.02,0.23
14.192922830581665,-0.31,0.04,-0.05,0.31
14.198853969573975,-0.58,0.01,0.03,0.58
14.211189031600952,-0.52,0.01,0.07,0.52
14.218724012374878,-0.39,-0.01,0.1,0.4
14.228721857070923,-0.09,0.0,0.05,0.1
14.290551900863647,0.37,0.14,0.02,0.39
14.291630029678345,0.31,0.03,0.15,0.34
14.292123079299927,0.11,-0.06,0.09,0.15
14.292582988739014,-0.19,-0.13,-0.04,0.23
14.293039083480835,-0.35,-0.18,-0.11,0.4
14.293503999710083,-0.32,-0.17,-0.12,0.38
14.301324129104614,-0.24,-0.11,-0.17,0.31
14.31124496459961,-0.14,-0.07,-0.15,0.21
14.321133852005005,0.05,-0.03,-0.03,0.06
14.331093072891235,0.26,0.02,0.06,0.26
14.39078688621521,0.31,0.06,0.01,0.31
14.391259908676147,0.17,0.0,0.06,0.18
14.391702890396118,-0.13,-0.1,0.08,0.18
14.392153024673462,-0.3,-0.06,-0.03,0.3
14.392599821090698,-0.25,0.03,-0.07,0.26
14.393064022064209,-0.08,0.05,-0.05,0.1
14.400776147842407,0.11,0.05,-0.03,0.12
14.410768985748291,0.15,0.04,0.05,0.16
14.420725107192993,0.08,-0.03,0.05,0.09
14.430724859237671,0.09,-0.14,0.04,0.17
14.440734148025513,0.0,-0.16,-0.01,0.16
14.491131067276001,-0.19,-0.09,-0.1,0.23
14.49160885810852,-0.28,-0.02,-0.06,0.28
14.492069959640503,-0.21,0.03,0.03,0.21
14.492496967315674,-0.04,0.03,0.1,0.11
14.49294900894165,0.09,-0.04,0.08,0.12
14.500416040420532,0.22,-0.1,-0.04,0.24
14.510414838790894,0.19,-0.13,-0.12,0.25
14.520421028137207,0.04,-0.09,-0.13,0.16
14.53030514717102,-0.1,0.01,-0.11,0.14
14.590826034545898,-0.25,0.06,-0.11,0.27
14.591279983520508,-0.25,0.02,-0.06,0.25
14.591737985610962,-0.23,-0.03,-0.01,0.23
14.592191934585571,-0.17,-0.09,0.02,0.19
14.592600107192993,-0.01,-0.09,-0.02,0.09
14.59304404258728,0.08,-0.03,0.01,0.08
14.59999704360962,0.1,-0.03,0.07,0.12
14.610054016113281,0.09,-0.05,0.1,0.14
14.619933843612671,0.02,-0.08,0.06,0.1
14.629863023757935,0.05,-0.09,-0.03,0.1
14.640752077102661,0.06,-0.11,-0.15,0.19
14.690571069717407,-0.02,-0.11,-0.18,0.21
14.691524028778076,-0.06,-0.15,-0.08,0.18
14.692004919052124,-0.04,-0.24,0.11,0.26
14.692454099655151,-0.08,-0.31,0.24,0.4
14.692920923233032,-0.17,-0.46,0.19,0.52
14.699785947799683,-0.22,-0.36,0.04,0.42
14.709563970565796,-0.14,-0.09,-0.05,0.17
14.719560861587524,0.2,0.26,-0.13,0.35
14.729444980621338,0.37,0.38,-0.19,0.56
14.740314960479736,0.39,0.19,-0.08,0.44
14.790596008300781,0.37,0.13,-0.05,0.39
14.7916419506073,0.14,0.04,-0.12,0.18
14.792113065719604,-0.22,0.01,-0.13,0.25
14.79259991645813,-0.55,0.03,-0.07,0.55
14.793054819107056,-0.68,0.04,0.01,0.68
14.79922103881836,-0.43,0.0,0.08,0.43
14.809158086776733,-0.02,-0.11,0.11,0.15
14.819132089614868,0.22,-0.17,0.02,0.27
14.829053163528442,0.29,-0.17,-0.04,0.33
14.840075016021729,0.16,-0.19,-0.09,0.26
14.890208005905151,-0.15,-0.14,-0.11,0.23
14.890690088272095,-0.34,-0.08,-0.07,0.35
14.891737937927246,-0.25,0.03,0.02,0.25
14.892200946807861,-0.04,0.16,0.14,0.21
14.892668962478638,0.2,0.17,0.23,0.34
14.898847818374634,0.35,0.15,0.2,0.43
14.90860390663147,0.32,0.01,0.02,0.32
14.918666124343872,0.17,-0.11,-0.22,0.29
14.928563833236694,-0.09,-0.15,-0.44,0.47
14.93859314918518,-0.3,-0.15,-0.5,0.6
14.94847297668457,-0.3,-0.09,-0.34,0.46
15.007202863693237,-0.21,0.05,-0.1,0.23
15.008241891860962,-0.08,0.13,0.1,0.18
15.008670091629028,0.08,0.13,0.22,0.26
15.009148836135864,0.17,0.09,0.19,0.27
15.00960087776184,0.01,-0.02,0.07,0.07
15.010051012039185,-0.17,-0.15,-0.07,0.23
15.018335103988647,-0.37,-0.21,-0.19,0.46
15.028223991394043,-0.51,-0.16,-0.16,0.55
15.038245916366577,-0.48,-0.08,-0.13,0.5
15.048168897628784,-0.24,0.04,-0.03,0.24
15.106788873672485,0.1,0.15,0.15,0.23
15.10725998878479,0.42,0.21,0.21,0.51
15.108309984207153,0.46,0.11,0.22,0.52
15.108792066574097,0.21,0.02,0.07,0.22
15.109244108200073,0.03,-0.12,-0.09,0.15
15.109729051589966,-0.05,-0.22,-0.16,0.27
15.117820024490356,-0.07,-0.21,-0.16,0.27
15.127815961837769,-0.03,-0.08,-0.1,0.13
15.137743949890137,0.11,0.08,0.01,0.13
15.147649049758911,0.1,0.09,0.1,0.16
15.217611074447632,-0.1,-0.03,0.05,0.11
15.218101024627686,-0.25,-0.07,-0.07,0.26
15.2185640335083,-0.17,-0.03,-0.16,0.23
15.219023942947388,-0.05,0.07,-0.1,0.13
15.219470977783203,-0.01,0.12,-0.02,0.12
15.219937086105347,-0.05,0.08,0.06,0.11
15.22034502029419,-0.05,0.0,0.05,0.07
15.227362871170044,-0.15,-0.11,0.0,0.18
15.237411975860596,-0.29,-0.14,-0.04,0.32
15.247256994247437,-0.27,-0.13,-0.04,0.3
15.2572181224823,-0.19,-0.16,-0.07,0.25
15.380554914474487,-0.08,-0.18,-0.08,0.21
15.381056070327759,0.02,-0.16,-0.05,0.16
15.381511926651001,0.14,-0.12,-0.06,0.19
15.381929159164429,0.14,-0.04,-0.03,0.14
15.382373094558716,0.0,-0.07,0.01,0.07
15.382825136184692,-0.1,-0.18,0.04,0.2
15.383267164230347,-0.09,-0.19,0.09,0.22
15.383708000183105,-0.07,-0.05,0.06,0.1
15.385361909866333,-0.07,0.0,0.11,0.13
15.385794878005981,-0.08,-0.04,0.1,0.13
15.386247873306274,-0.2,0.0,0.02,0.2
15.386698007583618,-0.32,0.02,0.01,0.32
15.387142896652222,-0.17,0.0,0.02,0.17
15.513648986816406,-0.05,-0.05,0.1,0.12
15.514148950576782,0.02,-0.01,0.28,0.28
15.514601945877075,-0.15,0.06,0.5,0.52
15.51507306098938,-0.44,-0.07,0.68,0.81
15.515552043914795,-0.34,-0.16,0.76,0.84
15.517215013504028,-0.5,-0.03,0.64,0.81
15.51766300201416,-0.85,0.3,0.49,1.02
15.518115997314453,-0.9,0.64,0.61,1.26
15.518562078475952,-0.76,0.93,0.98,1.55
15.519016027450562,-0.78,1.07,1.49,1.99
15.519456148147583,-0.97,1.0,1.88,2.33
15.519906044006348,-1.6,0.86,2.03,2.72
15.520344972610474,-2.33,0.88,1.98,3.18
15.650010824203491,-2.78,1.05,1.85,3.5
15.650499105453491,-2.96,1.1,1.67,3.57
15.65230107307434,-3.24,1.07,1.32,3.65
15.652753114700317,-3.8,1.02,0.67,3.99
15.653199911117554,-4.27,1.04,-0.2,4.39
15.653650999069214,-4.86,1.21,-1.29,5.17
15.654103994369507,-5.15,2.0,-1.91,5.84
15.654545068740845,-5.13,2.52,-1.48,5.9
15.655025959014893,-4.6,2.48,-0.5,5.24
15.655468940734863,-3.38,2.61,0.49,4.29
15.655918836593628,-2.5,2.76,1.14,3.89
15.656361818313599,-2.16,2.66,1.69,3.82
15.751993894577026,-2.12,2.57,1.7,3.74
15.752481937408447,-2.61,2.14,1.73,3.79
15.752954006195068,-3.09,1.82,1.38,3.84
15.753405809402466,-3.92,1.74,0.32,4.3
15.753852128982544,-5.1,1.66,-1.13,5.48
15.754302978515625,-6.01,1.44,-2.18,6.55
15.754771947860718,-6.49,1.42,-2.68,7.16
15.755223989486694,-6.78,1.59,-2.77,7.49
15.755676031112671,-6.3,1.83,-2.56,7.04
15.75612497329712,-5.06,2.38,-2.34,6.06
15.756562948226929,-3.78,2.61,-1.89,4.96
15.844474077224731,-2.49,2.35,-1.32,3.66
15.84496283531189,-1.49,2.06,-1.0,2.73
15.845432043075562,-1.27,1.53,-1.21,2.32
15.845886945724487,-1.52,0.76,-2.01,2.63
15.846333026885986,-1.65,0.02,-2.98,3.4
15.846774816513062,-1.6,-0.37,-4.0,4.32
15.847223997116089,-1.62,-0.67,-4.51,4.83
15.847663164138794,-1.6,-0.72,-4.57,4.89
15.848111867904663,-1.03,-0.63,-4.31,4.47
15.848551988601685,-0.12,-0.54,-3.62,3.66
15.854809999465942,0.3,-0.52,-2.73,2.79
15.9457528591156,0.35,-0.25,-2.07,2.11
15.946259021759033,0.4,0.1,-1.5,1.55
15.946726083755493,0.37,0.33,-0.81,0.94
15.947191953659058,0.26,0.37,-0.17,0.48
15.94765305519104,0.48,0.19,0.21,0.55
15.948077917098999,0.89,0.0,0.21,0.91
15.948544025421143,1.31,-0.3,-0.03,1.34
15.949013948440552,1.53,-0.94,-0.2,1.8
15.94946002960205,1.21,-1.62,-0.44,2.06
15.954306840896606,0.84,-2.34,-0.32,2.5
16.046035051345825,0.4,-3.0,-0.01,3.02
16.046520948410034,0.6,-3.04,0.32,3.11
16.04699397087097,1.55,-3.03,0.72,3.47
16.04740309715271,3.52,-3.03,0.88,4.72
16.047893047332764,5.0,-3.08,0.66,5.9
16.04833483695984,4.57,-3.8,0.17,5.94
16.048776865005493,3.31,-4.23,-0.58,5.4
16.049219846725464,2.41,-3.9,-1.18,4.73
16.049669981002808,1.92,-3.65,-0.93,4.22
16.053915977478027,2.36,-3.5,-0.2,4.22
16.14698815345764,2.84,-3.35,0.86,4.47
16.147473096847534,2.25,-3.46,1.07,4.26
16.147947072982788,1.57,-3.5,0.5,3.86
16.148412942886353,0.57,-3.04,-0.21,3.1
16.148865938186646,-0.24,-1.85,-0.36,1.89
16.149314165115356,-0.42,-0.73,0.24,0.87
16.149760961532593,0.33,-0.07,1.15,1.19
16.150213956832886,2.03,0.03,1.76,2.68
16.150657892227173,3.5,-0.28,1.41,3.78
16.154386043548584,4.24,-0.64,0.19,4.29
16.246640920639038,3.28,-2.12,-0.41,3.92
16.247120141983032,2.5,-2.23,0.97,3.48
16.247575998306274,1.92,-1.12,-2.25,3.16
16.248029947280884,0.17,-2.21,-3.63,4.25
16.24847912788391,-1.55,-3.73,0.29,4.04
16.248934030532837,-3.67,-3.17,-0.72,4.9
16.249377965927124,-3.17,-1.02,-1.92,3.84
16.24982714653015,-1.56,0.13,-1.1,1.91
16.2502658367157,-0.48,0.53,-0.4,0.81
16.25400400161743,0.66,0.72,-0.23,1.0
16.349655866622925,1.29,0.55,0.22,1.41
16.350152015686035,1.24,0.45,1.0,1.65
16.350608110427856,0.68,0.5,1.77,1.96
16.351092100143433,-0.16,0.43,2.62,2.65
16.351541996002197,-0.61,-0.28,2.69,2.77
16.352010011672974,-1.07,-0.83,1.14,1.77
16.352460145950317,-1.12,-0.96,0.39,1.52
16.352919816970825,-1.0,-0.86,0.65,1.47
16.353368043899536,-1.53,-0.18,0.68,1.68
16.355060815811157,-2.43,0.95,0.34,2.63
16.44988203048706,-2.31,1.22,0.38,2.63
16.450390100479126,-1.06,0.7,0.64,1.42
16.450865030288696,0.49,0.19,0.93,1.06
16.451328992843628,1.69,-0.39,1.15,2.08
16.451810121536255,1.34,-0.76,1.25,1.98
16.452215909957886,0.86,-0.76,1.88,2.2
16.452659845352173,0.08,-0.67,2.7,2.78
16.45310616493225,-1.05,-0.43,3.43,3.61
16.453550100326538,-1.89,-0.06,4.15,4.56
16.455201864242554,-2.18,0.32,4.53,5.03
16.550892114639282,-1.63,0.39,4.25,4.56
16.551409006118774,-0.76,-0.03,3.79,3.86
16.55187201499939,0.07,-0.64,3.36,3.42
16.552322149276733,0.49,-0.79,2.81,2.95
16.552772045135498,0.59,-0.58,2.38,2.51
16.553220987319946,0.56,-0.45,2.06,2.18
16.553674936294556,0.51,-0.43,1.92,2.03
16.554155111312866,0.62,-0.35,1.8,1.93
16.55459499359131,0.83,-0.31,1.77,1.97
16.5550479888916,0.67,-0.33,1.37,1.56
16.65178894996643,0.22,-0.36,0.72,0.83
16.652299165725708,0.03,-0.34,0.3,0.45
16.65277600288391,0.28,-0.25,-0.08,0.38
16.653239011764526,0.77,-0.11,-0.67,1.02
16.653695821762085,0.93,0.41,-1.18,1.55
16.654156923294067,0.67,1.09,-1.36,1.86
16.654603958129883,0.52,1.49,-1.13,1.94
16.655060052871704,0.2,1.57,-0.67,1.71
16.655524015426636,0.21,1.04,0.04,1.06
16.655972957611084,0.41,0.28,0.39,0.63
16.75279211997986,0.07,0.03,0.27,0.28
16.753270864486694,-0.3,0.2,0.13,0.38
16.75375008583069,-0.52,0.73,-0.06,0.89
16.754231929779053,-0.22,1.33,-0.28,1.37
16.754681825637817,0.75,1.48,-0.57,1.75
16.7551429271698,1.55,1.25,-0.84,2.16
16.755587816238403,1.71,0.75,-0.95,2.09
16.75604510307312,1.61,0.36,-1.13,1.99
16.756484985351562,1.25,0.07,-1.5,1.95
16.756940126419067,0.63,-0.01,-1.69,1.8
16.853333950042725,-0.11,-0.08,-1.36,1.36
16.8538179397583,-0.73,-0.11,-0.7,1.01
16.854279041290283,-0.89,-0.07,0.07,0.89
16.854729890823364,-0.36,0.02,0.61,0.7
16.85517716407776,0.69,0.36,0.59,0.97
16.855618953704834,1.45,0.61,0.27,1.59
16.85605788230896,1.39,0.46,0.07,1.46
16.85649609565735,1.09,0.2,0.02,1.1
16.856936931610107,0.88,-0.09,0.21,0.9
16.857378005981445,0.96,-0.31,1.49,1.79
16.95538592338562,1.3,-0.34,1.73,2.19
16.955870866775513,1.36,-0.27,1.26,1.87
16.956336975097656,1.1,-0.43,0.68,1.36
16.956793069839478,0.8,-0.66,0.32,1.08
16.957256078720093,0.57,-0.35,-0.02,0.66
16.957700967788696,0.3,0.15,-0.23,0.4
16.958144903182983,0.01,0.3,-0.28,0.41
